No.,级别,语法项目,类别,细目,语法内容,参考资料
1,一级,词类,名词,方位名词,上、下、里、外、前、后、左、右、东、南、西、北；上边、下边、 里边、外边、前边、后边、左边、右边、东边、南边、西边、北边,"上
《国际汉语教学课程通用大纲》；二级；方位名词—简单方位名词:上、下、左、右、前、后；书在桌子上。
《博雅汉语》初级起步篇I；第4课；方位词—方位名词（1）
《博雅汉语》初级起步篇I；第7课；方位词—方位名词（2）
《成功之路》进步篇3；第31课；
《体验汉语》；介词；表示方位的词“上”
《HSK考试大纲》；六级；名词方位名词 上下；他径直走到一个士兵面前，上下打量了一番。
《体验汉语》；介词 表示方位的“里”；
《高等学校外国留学生汉语言专业教学大纲》；一年级；“里”和“上”
前
《HSK考试大纲》；一级；他一个星期前去中国了。
《HSK考试大纲》；四级；名词—方位名词 左右
《成功之路》起步篇1；第七课；方位词1：东/西/南/北/前/后(边)；（1）方位词作宾语（2）方位词作中心语时，前边一般不用“的”。（3）方位词作定语时，后边可以用“的”，也可“不用”
左边、右边
《国际汉语教学课程通用大纲》；二级；方位名词—复合方位名词：旁边、左边、右边；他在我旁边。
《汉语水平等级标准与语法大纲》；甲002；方位名词：里、外、上、下、前、后、中、左、右、东、西、南、北；里边、外边、上边、下边、前边、后边、旁边、中间、东边、西边、南边、北边"
2,一级,词类,动词,能愿动词,会、能,"会
《HSK考试大纲》；一级；会1；我会做饭。
《HSK考试大纲》；二级；会2；今天可能会下雨。
《高等学校外国留学生汉语言专业教学大纲》；一年级
《博雅汉语》初级起步篇I；第17课；会（1）
《博雅汉语》初级起步篇I；第29课；会（2）
《体验汉语》；能愿动词“会”
《新实用汉语教程》1；第11课；能愿动词谓语句（1）：会、能、可以、应该
《新实用汉语教程》1；第13课；能愿动词谓语句（3）：可能、会
《成功之路》起步篇2；第17课；助动词（2） 会；（1）表示经过学习，掌握了某种技能。用在动词前面。（2）否定形式是在“会”前用“不”，可以用正反式提问。（3）“会”表示学习以后能做某事，不表示条件。（4）也可以作动词，带名词宾语；我不会汉字输入。
《汉语教程》1下；能愿动词；她会说汉语。
能
《HSK考试大纲》；一级；动词—能愿动词：能1；我在饭店，你几点能来？
《HSK考试大纲》；一级；动词—能愿动词：能2；先生，这里不能打电话。
《博雅汉语》初级起步篇I；第22课；
《成功之路》起步篇2；第14课；（1）表示有能力或者有条件做某事。（2）可以用正反式提问，可以单独回答问题；我不能去看电影。
《发展汉语》初级上；第17课；能愿动词不表示具体的动作行为，而是放在其他动词结构前边，表示能力、愿望、需要、要求、可能、允许等意思。本文涉及的有“能”“会”“要”“可以”。有能愿动词的句子的否定形式，是把否定词“不”放在能愿动词前边。有能愿动词的句子的正反疑问形式是：A+不A+V+（O）？
（1）想。“想”既是一般动词，也是能愿动词。做能愿动词时，“想”有希望、打算、计划等意思。否定形式是“不想+动词”如：我想买一台电脑。我不想看电影。
（2）要。“要”可以用作一般动词，也可以用作能愿动词，表示做某事的愿望。如：我要跟你一起走。其否定形式是“不想”不能说“不要”。如：我不想打球。
（3）会。A“会”做动词，是“熟悉”“通晓”的意思。如：我会日语。B“会”做能愿动词是指通过学习具备了某种技能。如：他会说汉语。
（4）“能”和“可以”。本课中“能”和“可以”都表示有能力或有条件做某事。如：他能看中文杂志。其否定形式是“不能”。如：他不能做饭。注意：A句子中如果有副词，要放在能愿动词前边。B 时间状语要放在能愿动词前边。C 地点状语通常放在能愿动词后边、动词前边。D 介词结构做状语通常要放在能愿动词后边、动词前边。E 其正反疑问形式，应该是能愿动词的肯定形式加上否定形式，再加上动词。
《体验汉语》；能愿动词“可以”和“能”"
3,一级,词类,动词,能愿动词,想、要,"想
《HSK考试大纲》；一级；我想去睡觉。
《国际汉语教学课程通用大纲》；一级；表情感态度的动词“爱”、“喜欢”、“想”；主语+爱/喜欢/想+名词 主语+爱/喜欢/想+动词（短语）；我爱你。/我喜欢看电影。
《体验汉语》；能愿动词：“想”和“要”
《新实用汉语教程》1；第12课；能愿动词谓语句（2）：要、想、愿意
《博雅汉语》初级起步篇I；第27课；能愿动词：想/要
《成功之路》起步篇2；第14课；助动词：用在动词前面，不能直接用在名词或代词前。想：（1）表示希望、打算。（2）可以受副词修饰。（3）否定形式用“不”。（4）可以用正反式提问，可以单独回答问题。
要
《HSK考试大纲》；二级；动词—能愿动词—要1；每天早上她都要慢跑一个小时。
《HSK考试大纲》；二级；动词—能愿动词—要2；你生病了，要多喝水，多休息。
《成功之路》起步篇2；第14课；其他：要；（1）表示有做某事的意愿，否定式是“不想”。（2）可以受副词修饰。
《现代汉语高级教程》助动词“敢、肯、要”及其否定形式—要；礼物我是要买，但并不打算买贵的。"
4,一级,词类,代词,疑问代词,多、多少、几、哪、哪儿、哪里、哪些、什么、谁、怎么,"多
《汉语水平等级标准与语法大纲》；甲107；用疑问副词“多”提问；这条路多长？你的孩子多大了？前面那座楼有多高？从这儿到机场有多远？
《HSK考试大纲》；一级；你女儿很漂亮，她多大了？
《高等学校外国留学生汉语言专业教学大纲》；一年级；疑问句5:“多”+形容词；询问年龄
《高等学校外国留学生汉语言专业教学大纲》；一年级；
《汉语教程》多……？；你多高？
多少
《高等学校外国留学生汉语言专业教学大纲》；一年级；“几”和“多少”
《汉语水平等级标准与语法大纲》；甲103；用疑问代词“谁、什么、哪儿、多少、几、怎么、怎么样”提问；谁是你们的汉语老师？你叫什么名字？你想去哪儿？你们班有多少人？你住几楼？请问，去车站怎么走？这个电影怎么样？
《HSK考试大纲》；一级；
《成功之路》起步篇1；第四课；区别“几”和“多少”；同：都可以用来询问数目。异：（1）“几”用来问1到10之间的数字；“多少”可以问10以上的任何数字。（2）“几”和名词连用，中间通常要插入适当的量词；“多少”和名词连用，中间的量词可以用，也可以不用；你们班有多少学生？
《博雅汉语》初级起步篇I；第8课；问句 “几”和“多少”（1）；你的电话号码是多少？
《博雅汉语》初级起步篇I；第9课；问句 “几”和“多少”（2）；你的电话号码是多少？
《体验汉语》；“几”和“多少”的区别
《发展汉语》初级上；第12课；用“多少”询问电话号码、手机号码；说电话号码时，数字要一个一个地读，“2”只能读“èr”，“1”一般读作“yāo”。
《新实用汉语教程》1；第8课；问句—用“几”或“多少”提问。
《汉语教程》“几”和“多少”；你吃几个？你换多少？
几
《HSK考试大纲》；一级；代词—疑问代词—几1；你去北京学习几天？
《HSK考试大纲》；一级；代词—疑问代词—几2；你这几本书多少钱？
《高等学校外国留学生汉语言专业教学大纲》；一年级；
《体验汉语》；“几”表示概数
《发展汉语》初级上；第8课；问句—用“几”的疑问句；汉语里用“几”来问人或物的数量时，人或事物的数量通常是小于10的。“几”不能直接用在名词前边，必须在“几”和名词之间加上量词。如：你家有几口人？
哪
《HSK考试大纲》；一级；哪个是你的同学？
《体验汉语》；代词—“哪”表示任指。
《发展汉语》初级上；第3课；代词“这儿”和“这”，“那儿”和“那”，“哪儿”和“哪”；这儿：指示代词，指较近的场所。如：这儿是商店。这：指较近的人或事物。如：这是王老师。那儿：指较远的处所。如：那儿不是教一楼。那：指较远的人或事物。如：那是我朋友。哪儿：疑问代词，问处所，根“什么地方”相同。如：你去那儿？哪：问人或事物。如：你是哪国人。
《体验汉语》；“哪”+量词+（名词）
《发展汉语》初级上；第2课；疑问代词“什么”和“哪”；在疑问句“你是哪国人”和”你叫什么名字？”这两个疑问句里，疑问词“哪”和“什么”做定语，语序和陈述句一样。如：你是哪国人？
《体验汉语》；用“哪”的问句"
5,一级,词类,代词,人称代词,我、你、您、他、她、我们、你们、他们、她们,"我
《国际汉语教学课程通用大纲》；一级；人称代词“我”；我叫……
你、您
《汉语水平等级标准与语法大纲》；甲005；人称代词：你(您) 你们 我 我们 他(她) 他们(她们) 咱 咱们
《国际汉语教学课程通用大纲》；一级；人称代词“你”和“您”；你好！
《体验汉语》；代词“您”和“你”的区别；
《体验汉语》；其他—您贵姓
他
《国际汉语教学课程通用大纲》；人称代词“他”和“她”；他是我哥哥。
我们
《博雅汉语》初级起步篇I；第13课；代词“咱们”和“我们”"
6,一级,词类,代词,指示代词,这、那、这儿、那儿、这里、那里、这些、那些、别的、有的,"这、那、这儿、那儿、别的
《国际汉语教学课程通用大纲》；一级；指示代词：这；这+是+……这是什么？
《国际汉语教学课程通用大纲》；一级；指示代词：这儿；在这儿。
《国际汉语教学课程通用大纲》；三级；代词指示代词这么、那么；你应该这么做。
《体验汉语》；代词—人称代词或者名词+这儿/那儿
《国际汉语教学课程通用大纲》；一级；指示代词：那；那+是+……那是苹果。
《国际汉语教学课程通用大纲》；一级；指示代词：那儿；他在那儿。
《汉语水平等级标准与语法大纲》；甲007；指示代词：这、这些、那、那些、这里(这儿)、那里(那儿)、这么、那么、这样、那样
《汉语水平等级标准与语法大纲》；甲008；其他代词：各、每、有的、有些、别人、别的、它、它们
《博雅汉语》初级起步篇I；第3课；代词这/那
《发展汉语》初级上；第19课；代词“……这儿”“……那儿”；指示代词“这儿”“那儿”可以和人称代词或者不表示处所的名词结合起来表示处所。如：你们那儿。
《发展汉语》初级上；第3课；代词“这儿”和“这”，“那儿”和“那”，“哪”和“哪儿”：“这儿”，指示代词，指较近的场所。如：这儿是商店。这：指较近的人或事物。如：这是王老师。那儿：指较远的处所。如：那儿不是教一楼。那：指较远的人或事物。如：那是我朋友。哪儿：疑问代词，问处所，根“什么地方”相同。如：你去那儿？哪：问人或事物。如：你是哪国人。"
7,一级,词类,数词,,一、二/两、三、四、五、六、七、八、九、零；十、百；半,"一、三、四、五、六、七、八、九
《国际汉语教学课程通用大纲》；一级；数词：基数词1～99；我爸爸66岁。
《汉语水平等级标准与语法大纲》；丁093；（五） 数词 壹 贰 叁 肆 伍 陆 柒 捌 玖 拾
二/两
 《国际汉语教学课程通用大纲》；一级；二/两+度量衡单位+名词 两+一般量词+名词；二斤苹果、两件衣服
《高等学校外国留学生汉语言专业教学大纲》；一年级；
《发展汉语》初级上；第9课；数量“二”和“两”的区别：（1）“2”在号码中，读作“二”。（2）“2”出现在个位或十位上时，读作“二”，如：二十二。（3）“2”出现在“百、千、万、亿”前边时读作“二”或“两”都可以。（4）“两”可以放在所有的度量衡单位前边，如：两个、两本、两张；“二”只有在个别表示重量、长度等单位的前边才能用，如：二斤。
《博雅汉语》初级起步篇I；第9课；
《体验汉语》；
零
《高等学校外国留学生汉语言专业教学大纲》；一年级；
十、百、半
《汉语水平等级标准与语法大纲》；甲014；基数：零 0 一 十 百 千 万 二 两 半
 《国际汉语教学课程通用大纲》；二级；数词—基数词：百、千、万、一万、五千、八百
《高等学校外国留学生汉语言专业教学大纲》；二年级；“个、十、百、千、万”，“万”以上以“万”为单位，四位一级，即在阿拉伯字码数列上从个位开始，向左数每四位数可用逗号与前面隔开。
“万万”为“亿”，“亿”以上，以“亿”为单位。如:5726，4832，9803 读作五千七百二十六亿，四千八百三十二万，九千八百零三。
在一个数字中间，不论有几个零，都只读一个。如:20050 读作两万零五十；20005 读作两万零五。
《发展汉语》初级上；第9课；数字的读法：汉语中的数字是“十进位”制。如：十（10），百（100），一，二，三，一百零一。注意：（1）数字“2”在百、千、万前边可以读成“两”，也可以读成“二”，其他都读“二”。如两千两百一十（二千二百一十）。（2）数字中间有零的时候，不管中间有几个零，都读一个零。如：一百零一（101）。（3）百位数后边的十位数的“十”一定要读“一十”，不能读“十”，110读“一百一十”。"
8,一级,词类,量词,名量词,杯、本、个、家、间、口、块、页,"杯、本、个
《汉语水平等级标准与语法大纲》；甲019；名量词：个、位、本、件、种、斤、公斤、克、间、棵、课、张、把、只、条、口、米、公尺
《国际汉语教学课程通用大纲》；一级；常用量词：个、名、本、口；一个弟弟、三口人
口
《汉语水平等级标准与语法大纲》；动量词：次 遍 回 下 口
块
《国际汉语教学课程通用大纲》；二级；量词—名量词：件、条、块、张、斤；一件衬衣
页
《国际汉语教学课程通用大纲》；四级；量词—名量词：朵、份、棵、台、页、只；一朵花、一份报纸"
9,一级,词类,副词,程度副词,非常、很、太、真、最,"非常
《国际汉语教学课程通用大纲》；一级；副词的意义及位置，程度副词“很、非常、真”；很/非常/真+形容词；我很好。
很
《汉语水平等级标准与语法大纲》；甲025；程度副词：很、太、更、最、十分、非常、多(么)
《体验汉语》；
太
《发展汉语》初级上；第12课；副词“太”的用法，“太好了”表示满意、赞叹。“太”在这里表示极高的程度。“太+形容词+了”是表示感叹的一种格式，可表示赞美、喜欢、不满等感情。
《HSK考试大纲》；一级；今天太冷了，我不想去。
真
《HSK考试大纲》；二级；你今天买的东西真不少。
《发展汉语》初级上；第7课；副词“真”的用法，表示“的确、确实”的意思。“真”用在动词、形容词前边，有加强肯定语气的作用，多表示对某人、某事物的主观评价。如：这个人真好。
最
《HSK考试大纲》；二级；服务员，你们这儿什么菜最好吃？
《新实用汉语教程》3；副词“更”、“最”表示比较。"
10,一级,词类,副词,范围、协同副词,都1、一块儿、一起,"都1
 《HSK考试大纲》；一级；副词—都1；他们都是我在中国认识的朋友。
《高等学校外国留学生汉语言专业教学大纲》；一年级；“都”和“也”
 《国际汉语教学课程通用大纲》；一级；副词的意义及位置，副词“都”（表总括）；主语+都+动词（短语）；我们都是留学生。
《博雅汉语》初级起步篇I；第28课；副词 都
《发展汉语》初级上；第2课；副词“都”和“也”的用法，汉语里的副词都要放在动词或者形容词的前边。一个句子里有“都”或者“也”，同时用否定副词“不”时，“不”通常在“都”和“也”后边，即“都不”“也不”（如果“不”“在”“都”前边，则表示部分否定，而“都不”表示全部否定）如：我们都不是老师。
《汉语教程》1上；副词“也”和“都”；麦克和山本都是留学生。
《体验汉语》；副词 很也都
《新实用汉语教程》1；副词“也”和“都”的位置
一块儿
《汉语水平等级标准与语法大纲》；范围副词：到处、光、一同、一块儿、仅、仅仅"
11,一级,词类,副词,时间副词,马上、先、有时、在、正、正在,"马上
《HSK考试大纲》；三级；电影马上就要开始了，把手机关了吧。
《国际汉语教学课程通用大纲》；三级；马上+动词（短语）；火车马上就要开了。
《汉语教程》3上；请等一下，她马上回来。
有时
《新实用汉语教程》5；其他词语例解：所、到处、仅仅、于、甚至、有时、各种各样、多得多
在
《国际汉语教学课程通用大纲》；二级；副词“正”或“正在”（表动作正在进行）；正/正在+动词（短语）（+呢）；玛丽正在打网球呢。
《汉语水平等级标准与语法大纲》；甲119；（四） 进行态 用“正”、“正在”、“在”、“呢”、“正（在）……呢”、“在……呢”表示
（1）正在+动/形：同学们正在准备考试。小张正在给朋友写信。她正在不高兴，老师进来了。
（2）在+动：孩子们在睡觉，你小声点儿！请您等一会儿，他们在开会。
《博雅汉语》初级起步篇I；第12课；动作的进行（正在/在）……呢
正
《汉语水平等级标准与语法大纲》；甲023；时间副词：正、刚、常、常常、已经、正在、总(是)、才(1)、就(1)
《新实用汉语教程》5；其他词语例解：躲、格外、决不、忽然、正、起先、飞来飞去、一时
正在
《高等学校外国留学生汉语言专业教学大纲》；一年级；
《汉语教程》1下；动作的进行；我正在听录音呢。
《尔雅中文》初级上（1）；第5课"
12,一级,词类,副词,频率、重复副词,常、常常、再1,"常
《汉语水平等级标准与语法大纲》；时间副词：甲023；正、刚、常、常常、已经、正在、总(是)、才(1)、就(1)
常常
《国际汉语教学课程通用大纲》；二级；频率副词—经常、常常；主语+经常/常常+动词（短语）；他常常迟到。
《发展汉语》初级上；第5课；副词“常常”和“不常”的用法，“常常”的否定形式是“不常”，不能说“不常常”。如果一个句子里还有其他副词，如“也”“都”等，都要放在“常常”“不常”的前边。如：他们不常吃馒头。他也常常买英文报纸。
再1
《HSK考试大纲》；一级；这个手机能再便宜一些吗？
《HSK考试大纲》；二级；副词—再1；这个手机能再便宜一些吗？
《HSK考试大纲》；二级；副词—再2；服务员，我们想再要一个菜。
《高等学校外国留学生汉语言专业教学大纲》；一年级；71.“再”“又”“还”:表示动作的重复
《国际汉语教学课程通用大纲》；三级；频率副词“再”和“又”；主语+再+动词（短语） 主语+又+动词（短语）；你再听一遍。
《汉语水平等级标准与语法大纲》；甲026；频度副词：又、再、还、也
《博雅汉语》初级起步篇I；第26课；
《成功之路》顺利篇1；第4课；副词“又”和“再”都可以表示动作行为的重复和继续，“又”多用于已经发生的情况，“再”用于还没发生的情况。如：今天她又买了一件衣服。明天她想再买一件衣服。
《发展汉语》初级上；第27课；副词“再”和“又”；“再”和“又”都表示动作行为的重复，“再”表示没有完成的重复；“又”表示已经完成或已经实现的重复。另外，“又”还可以表示有规律的重复。如：又要到新年了。
《汉语教程》2上；“再”和“又”；今天我去看她了，我想明天再来。
《体验汉语》；“又”和“再”
《体验汉语》；副词“再”
《新实用汉语教程》3；副词“再”和“又”"
13,一级,词类,副词,关联副词,还1、也,"还1
《HSK考试大纲》；二级；副词—还3；我们玩儿得很高兴，还学会了一些汉语。
《高等学校外国留学生汉语言专业教学大纲》；一年级；71.“再”“又”“还”:表示动作的重复
《博雅汉语》初级起步篇I；第19课；
《发展汉语》初级上；第7课；副词“还”的用法；（1）表示范围扩大和数量的增加。如：我还要一杯茶；我买笔、练习本，还买杂志。
《体验汉语》
《新实用汉语教程》3；副词“就”和“还”
也
《HSK考试大纲》；二级；A：我喜欢这件黑色的。B：我也喜欢，但是它不便宜。
《高等学校外国留学生汉语言专业教学大纲》；一年级；“都”和“也”
《国际汉语教学课程通用大纲》；一级；副词的意义及位置，副词“也” （表类同）主语+也+动词（短语）；我也去。
《汉语水平等级标准与语法大纲》；甲026；频度副词：又、再、还、也
《博雅汉语》初级起步篇I；第2课
《成功之路》起步篇1；第1课；在一个句子中，副词放在动词的前面，如“也是”、“不是”。副词“也”与其他副词同时使用时一般放在其它副词的前面，如“也不是”。
《发展汉语》初级上；第2课；副词”都“和“也”的用法。汉语里的副词都要放在动词或者形容词的前边。一个句子里有“都”或者“也”，同时用否定副词“不”时，“不”通常在“都”和“也”后边，即“都不”“也不”（如果“不”“在”“都”前边，则表示部分否定，而“都不”表示全部否定）如：我们都不是老师。
《汉语教程》1上；副词“也”和“都”；山本也是留学生。
《汉语教程》3下；教室里一个人也没有了。
《体验汉语》；副词“很”“也”“都”
《新实用汉语教程》1；副词“也”和“都”的位置"
14,一级,词类,副词,否定副词,别、不、没、没有,"别
《汉语水平等级标准与语法大纲》；否定副词：不、没(有)、别
不
《HSK考试大纲》；一级；我不认识那个学生。
没
《HSK考试大纲》；一级；昨天上午没下雨，天气很好。
《汉语水平等级标准与语法大纲》；甲022；否定副词：不、没(有)、别
《成功之路》进步篇1；第6课；副词：并不/没……；副词，用在否定词前，加强否定的语气，有否定某种看法，说明真实情况的意思。
没有
无"
15,一级,词类,介词,引出时间、处所,从1,"从1
《HSK考试大纲》；二级；介词—从1；我从11岁开始踢足球，已经踢了10年了。
《HSK考试大纲》；二级；介词—从2；从学校到机场，坐出租车要一个小时。
《高等学校外国留学生汉语言专业教学大纲》；一年级
《国际汉语教学课程通用大纲》；二级；介词—引进空间方位：从；从+起点+动词（短语）；我刚从英国回来。
《汉语水平等级标准与语法大纲》；甲027；引出时间、处所、起点：当、在、从、离
《体验汉语》；介词“离”、“从”、“往”"
16,一级,词类,介词,引出时间、处所,在,"在
《HSK考试大纲》；一级；介词：在2；妈妈在那家医院工作。
《高等学校外国留学生汉语言专业教学大纲》；一年级；18.介词短语和介词“在”
《汉语水平等级标准与语法大纲》；甲027；引出时间、处所、起点：当、在、从、离
《发展汉语》初级上；第16课；介词“在”和介词结构做地点状语”；“在”用作介词，它后边的宾语是表示处所的名词性词语，“在”和它的宾语一起用在动词前边做状语。格式：她在上海学习汉语。如果动词前还有副词，那么副词要放在介词结构前边。如：我不在上海住。一般情况下，介词结构不能放在动词后边。
《汉语教程》1上；介词“在”和“给”；他在十楼住。
《体验汉语》"
17,一级,词类,介词,引出对象,跟1、和1,"跟1
《国际汉语教学课程通用大纲》；二级；介词：引进对象做状语：跟；跟+某人（+一起）+动词（短语）；我跟他一起去买东西。
《发展汉语》初级上；第21课；介词“对”“跟”“给”；介词“对”“给”“跟”和后面的名词组成介词短语，一起用在动词前边，这几个介词和动词搭配如下：（1）他对我说……（2）我去给他买票（3）我跟他一起去商店买东西。
《成功之路》起步篇2；第13课；引出一起进行某动作的对象。
和1
《HSK考试大纲》；一级；你和谁打电话呢？
《汉语水平等级标准与语法大纲》；甲029；引出对象：对、跟、和、比、为、给"
18,一级,词类,介词,引出对象,比,"比
《汉语水平等级标准与语法大纲》；甲029；引出对象：对、跟、和、比、为、给"
19,一级,词类,连词,连接词或词组,跟2、还是、和2,"跟2
《汉语水平等级标准与语法大纲》；甲033；连接词或词组；和、跟、或者、还是
还是
《HSK考试大纲》；三级；连词：还是3；明天下午开会，你去还是我去？
《高等学校外国留学生汉语言专业教学大纲》；一年级；43.“或者”和“还是”
《发展汉语》初级上；第20课； 连词 “或者”和“还是”；“或者”“还是”都是连词，用来连接两种不同的可能性。不同的是，“或者”用在陈述句中，“还是”用在疑问句中，如：你去青岛还是去上海？/我喝茶或者饮料都可以。
《汉语教程》1下；“还是”和“或者”；你吃馒头还是包子？
和2
无"
20,一级,词类,助词,结构助词,的1、地,"的1
《汉语水平等级标准与语法大纲》；甲035；结构助词：的(1)、地、得
《HSK考试大纲》；一级；他的汉语很好。
《博雅汉语》准中级加速篇I；第3课；助词的、地、得
《汉语教程》1上；他们的老师
《新实用汉语教程》3；助词结构—助词“的、地、得”
《成功之路》起步篇1；第2课；表示领属关系的定语后面要加结构助词“的”。
地
《HSK考试大纲》；三级；弟弟高兴地笑了。
《高等学校外国留学生汉语言专业教学大纲》；一年级；16.状语和结构助词“地”:副词、形容词作状语
《汉语水平等级标准与语法大纲》；甲035；结构助词：的(1)、地、得
《博雅汉语》准中级加速篇I；第3课；助词：的、地、得
《成功之路》进步篇1；第2课；当形容词、形容词短语或动词、动词短语作描写性状语时，后边会有结构助词“地”。
《发展汉语》初级下；第17课；助词结构—助词小结：现代汉语中的结构助词共有三个，即“的”“地”“得”。它们的作用是把词语连接起来，使它们成为具有某种语法关系的结构。
（1）结构助词“的”。“的”是连接定语和中心语的，是定语的标志，如：这是我的词典。“的”还可以与名词、代词、形容词等一起组成“的”字结构，“的”字结构的作用相当于名词。如：我买的是杂志，他买的是书。
（2）结构助词“地”。 “地”用在动词或形容词的前面，表示它前面的成分是修饰动词或形容词的状语。如：他慢慢地走着。
（3）结构助词“得”。 “得”放在谓语动词或形容词后面，表示它后面的成分是动词或形容词的补语。程度补语或可能补语前一般都要用“得”。如：衣服洗得真干净。
《新实用汉语教程》3"
21,一级,词类,助词,动态助词,了1,"了1
《HSK考试大纲》；一级；助词：了2；她们买了很多东西。
《高等学校外国留学生汉语言专业教学大纲》；一年级；47.动作的完成：动态助词“了”及其否定式
《国际汉语教学课程通用大纲》；二级；动态助词“了”；主语+动词+了+数量短语；我买了两本书。
《汉语水平等级标准与语法大纲》；甲116；（一） 完成态；
（1）完成态用动态词“了”表示：午饭我只吃了一碗面条。我给朋友写了一封长信。
（2）动态助词“了”只与动作的完成有关，与动作发生的时间无关，可以用于过去，也可以用于将来和经常性动作：明天吃了早饭我们一起去公园。每天我下了课就回宿舍。
（3）否定式是在谓语动词前加上副词“没（有）”，一般不能再用动态助词“了”：星期天我没（有）去看电影。昨天我没给朋友写信。
《博雅汉语》初级起步篇I；第21课；了（2）；我喝了半斤白酒。
《成功之路》顺利篇1 ；第2课；动词后面加上动态助词“了”表示动作的完成与实现，如：我买了一双皮鞋、一件衬衣和一条牛仔裤。
《尔雅中文》初级上（1）；第8课；了动作的完成（2）—动态助词“了”：动态助词“了”用在动词的后面，表示动作或状态已经实现或完成。宾语要求是一个带数量短语的结构。
如果宾语不含有数量短语，那么句尾要加“了”使句子完成。
连动句和兼语句中，动态助词“了”用在第二个动词后面。
V1+了+O1+就+V2（+O2） 如果句中的两个动作是平时常发生的或在将来发生的，句尾不用“了”。
V1+了+O1+就+V2（+O2）+了 如果句中的两个动作都已经发生，句尾要用“了”。
《发展汉语》初级上；第28课；词后边表示动作的完成，它一般紧跟在动词后边。所以，如果动词后边有数量词语，表示动作完成的动态助词“了”一般不放在句子后面，否则句中的“了”就不是动态助词“了”，句子的意思也可能有所不同，如：我买了三本书不同于我买三本书了。动作完成的否定形式是在动词前边用“没有”，动词后边不能用“了”。回答问题时，可以单用“没有”或“还没有呢”来否定动作的完成。动作完成的正反疑问形式是：“……了没有？”或者“动词+没+动词？”
《汉语教程》2上；动作的完成：V+了我买了一本书。
《体验汉语》；动词+“了”
《新实用汉语教程》2；动作的态"
22,一级,词类,助词,语气助词,吧1、了2、吗、呢,"吧1
《HSK考试大纲》；二级；助词：吧2；生病了就别去学校了，在家休息吧。
《高等学校外国留学生汉语言专业教学大纲》；一年级；60.语气助词“吧”
《汉语水平等级标准与语法大纲》；甲037；语气助词：吗、呢、吧、啊、了
《博雅汉语》初级起步篇I；第7课；语气词吧（1）
《体验汉语》；语气词吧（1）
《新实用汉语教程》4；语气助词“吧”、“呢”、“了”
了2
《高等学校外国留学生汉语言专业教学大纲》；一年级；48.语气助词“了”：表示肯定的语气
《国际汉语教学课程通用大纲》；一级；语气助词“了”；小句+了；我去医院了。
《国际汉语教学课程通用大纲》；三级；
《高等学校外国留学生汉语言专业教学大纲》；三、四年级；7.了
(1)表示肯定的语气，多含有“已经是这样”或“将要是这样”的意思。“了”在以下各句中除具有它的语法功能外，还使全句带上肯定的语气。
①上午我出去买东西了，你找过我吗?
（肯定过去某事件已实现）
②我看了今天的报了，没什么重要新闻。
（肯定某动作已经完成、结束)
③她长大了，成熟多了。
（肯定情况发生了变化）
④我已经做了五道题了，还有三道没做呢。
（肯定到现在为止的情况）
⑤快要上课了，赶快进教室吧！
⑥你的建议太好了。
(用于感叹句，肯定某种事实或情况)
(肯定即将发生某事件或某种变化)
⑦我是不会去的了。
（肯定某种态度或决心)
(2)用于句中停顿，表示列举，相当于“啊”。
①母亲买回来好多水果，苹果了、香蕉了，桔子了….……买了一大堆。
②他是个多才多艺的人，什么画个画儿了，作个诗了，编个歌儿了，什么都会。
《汉语水平等级标准与语法大纲》；甲117；（二） 变化态（1）已经发生变化，用句尾语气助词“了”：天冷了，你要多穿（一）点儿衣服。/她的病好了。/大家都不说话了。/风停了，雨住了。/我现在是大学生了。（2）将要发生变化，用语气助词“了”或“要……了”“就要……了”“快要……了”“快……了”：上课了，快去教室。/要下雨了。/宴会就要开始了。/快要考试了，每天她都睡得很晚。/新年快到了。
《博雅汉语》初级起步篇I；第19课；了（1）
《成功之路》顺利篇1 ；第1课；语气助词“了”；语气助词“了”用在句子结尾，表示某件事或某个情况已经发生，如：下午我去踢球了，没带手机。
《尔雅中文》初级上（1）；第6课；了：动作的完成（1）—语气助词“了”；“了”出现在动词谓语句的句尾，表示某种动作或情况移情实现或完成。
否定形式：没（有）+ V+ O 注意 否定形式句尾不能用“了”。
正反疑问句形式：
（1）……了没有
（2）V没V（+O）
注意：表示经常性的动作时，句尾不能用“了”。"
23,一级,短语,结构类型,其他结构类型,数量短语,"《汉语教程》1下；数量词组：数+量+名；五口人
《体验汉语》；数量词组"
24,一级,句子成分,主语,,名词、代词或名词性短语作主语,《汉语水平等级标准与语法大纲》；甲051；名词、代词、数词、名词词组作主语；同学们都到了。/明天是星期天。/外边有人找你。/我们都是外国留学生。/谁去看比赛？那是我的家。/十六是四的四倍。/图书馆的书很多。/一斤多少钱？/这件合适吧？
25,一级,句子成分,谓语,,动词或动词性短语、形容词或形容词性短语作谓语,《汉语水平等级标准与语法大纲》；甲057；形容词、形容词词组作谓语；我们班的学生多，他们班的学生少？/北京的夏天很热。/这个电影太好了。
26,一级,句子成分,宾语,,名词、代词或名词性短语作宾语,《汉语水平等级标准与语法大纲》；甲060；名词、代词、数词或名词词组作宾语；我们都学习汉语。/教室在西边。/我还没见过她。/你找谁？/这是一千，不是一百。/她最近买了一辆新汽车。/我要一个。/他要那本。
27,一级,句子成分,定语,,名词性词语、形容词性词语、数量短语作定语,"《汉语水平等级标准与语法大纲》；甲066；名词、代词、数词或名词词组作定语；这是中文杂志。/晚上的会不开了。/前边的同学叫什么名字？/我爸爸是工人。/四的四倍是多少。/这件衣服是去年买的。/这些是我朋友的东西。/一辆辆汽车从门口开过。
《汉语水平等级标准与语法大纲》；甲067；形容词、形容词组作定语；请给我一杯热茶。/昨天我们看一场非常精彩的演出。"
28,一级,句子成分,状语,,副词、形容词作状语； 表示时间、处所的词语作状语,"《汉语水平等级标准与语法大纲》；甲070；副词作状语；我常常坐公共汽车。/他不知道我现在住的地方。
《汉语水平等级标准与语法大纲》；甲071；形容词作状语；他大喊一声。/他的书整齐地摆在桌子上。/你应该好好地学习。
《体验汉语》；时间词作状语
《汉语教程》1下；时间词语作状语；你晚上做什么？
《成功之路》起步篇1；第6课；时间状语—时间词作状语；（1）时间词可以在谓语动词前作状语。（2）强调时间时，时间词状语也可以放在全句前。"
29,一级,句子的类型,句型,单句,主谓句1：动词谓语句,"《汉语水平等级标准与语法大纲》；甲级；（二） 按谓语性质分类（“*”，参见“谓语”部分，不标号）1. 动词谓语句；小张学习，小王工作。/咱们一起想个办法。/我们汉语水平提高了。/他姓谢，叫谢文。/他是工人。2. 形容词谓语句，谓语中不用“是”：今天很热。/这件衣服漂亮极了。3. 名词谓语句：明天星期天。/弟弟十三岁。/他黄头发，蓝眼睛。/你哪儿的？我北京的。4. 主谓谓语句：他身体不太好。/这个饭店服务员态度不好。/烟我不抽了。/这个电影我看过了。/我衣服不想买了。/这种事情我不太感兴趣。
 《尔雅中文》初级上（1）；第1课；动词谓语句句式总结（1）—动词谓语句是动词做谓语主要成分的句子。
《发展汉语》初级上；第5课；动词谓语句是所有语言都存在的一种句式。汉语动词谓语句的语序是：主语（S）—动词（V）—宾语（O）如：我是学生。如果句子里有副词或者有其他做状语的成分，一般都应该放在动词前边。如：我不买英文书。
《发展汉语》初级上；第11课；动词谓语句—动词谓语句的正反疑问形式：（1）动词谓语句的正反疑问句形式是：S+V+不+(O)?肯定回答：S+V+O如：我买书否定回答：S+不+V+（O)如：我不买（书）。（2）“来/去+O1+V+O2”句式的正反疑问形式。这种句式的正反疑问形式是第一个动词“来/去”的肯定形式加上否定形式，其他动词不变。如：你来不来学校上课？肯定回答跟一般的动词谓语句一样，否定回答应该否定第一个动词“来/去”，其他动词不便。需要注意的是，在否定回答中，动词“来”有时要变为动词“去”。如：我不去学校上课。
《汉语教程》1上；我学习汉语。
《新实用汉语教程》1
《新实用汉语教程》2；动词谓语句—动词谓语句（1）
《新实用汉语教程》2；动词谓语句—动词谓语句（2）"
30,一级,句子的类型,句型,单句,主谓句2：形容词谓语句,"《HSK考试大纲》；一级；他的衣服太小了。
《高等学校外国留学生汉语言专业教学大纲》；一年级；12.形容词谓语句及其否定式
《国际汉语教学课程通用大纲》；一级；形容词谓语句；主语+副词（很、非常）+形容词；我很高兴。
《汉语水平等级标准与语法大纲》；甲级；（二） 按谓语性质分类（“*”，参见“谓语”部分，不标号）1. 动词谓语句；小张学习，小王工作。/咱们一起想个办法。/我们汉语水平提高了。/他姓谢，叫谢文。/他是工人。2. 形容词谓语句，谓语中不用“是”：今天很热。/这件衣服漂亮极了。3. 名词谓语句：明天星期天。/弟弟十三岁。/他黄头发，蓝眼睛。/你哪儿的？我北京的。4. 主谓谓语句：他身体不太好。/这个饭店服务员态度不好。/烟我不抽了。/这个电影我看了。/我衣服不想买了。/这种事情我不太感兴趣。
《博雅汉语》初级起步篇I；第11课
《成功之路》起步篇1；第5课；形容词谓语句：(1)形容词谓语前一般不用“是”。(2)肯定形式的谓语形容词前常用副词“很”。“很”不表示明显的程度，要轻读。不用“很”，则有对比的意思。(3)否定形式是在谓语形容词前面加副词“不”。
《尔雅中文》初级上（1）；第1课；形容词谓语句句式总结（1）—形容词谓语句，形容词可以直接做谓语。做谓语的形容词前一般要加“很”，但“很”表示程度的作用已经弱化。
《发展汉语》初级上；第10课；形容词做谓语的形式是：S+Adj. 形容词谓语句的主语和形容词之间不用“是”，不能说“我是很好”“这个苹果很是大“这样的句子。
形容词前边尤其是单音节形容词前边常常要加上“很”“非常”“比较”等程度副词。但在对比的句子中，如：这个苹果大，那个苹果小，形容词前边可以不用程度副词。
疑问形式：（1）S+Adj.+吗？如：你忙吗？（2）S+Adj.+不+Adj.?(正反疑问句，其中”不“要轻读）如：你忙不忙？
否定形式：S+不+Adj.如：我不忙。
《汉语教程》1上；这个箱子很重。
《体验汉语》
《新实用汉语教程》1"
31,一级,句子的类型,句型,单句,非主谓句,《汉语水平等级标准与语法大纲》；甲0085；（2）非主谓句  A．无主句： 下雨了。/冷极了！ 请喝茶！B．独词句： 老张！/好！/什么？/谢谢！/啊？
32,一级,句子的类型,句类,陈述句,陈述句,《汉语水平等级标准与语法大纲》；甲086；1．陈述句；阿里要回家了。/你的汉语说得不错。
33,一级,句子的类型,句类,疑问句,（1）是非问句（2）特指问句（3）选择问句（4）正反问句,"是非问句
《HSK考试大纲》；一级；昨天的雨大吗？
《HSK考试大纲》；二级；句类—疑问句—是非问句；对不起，再等我10分钟，好吗？
《发展汉语》初级上；第6课；问句—是非问句：“……，行吗？”这种问句先说出一个句子，表明自己的看法、意见、要求等，然后用“行吗”来征求别人的意见。如：我们一起去书店，行吗？这种疑问句的肯定回答是“行”“行啊”“好”“好啊”，否定的回答是“不行“。
《发展汉语》初级上；第5课；问句—是非问句：“……，对吗？”这种问句，表示问话的人对某事已经有了自己的看法，他提问的目的只是想得到对方的验证。回答一般是“对，……”或“不，……”。如：你是泰国人，对吗？对，我是泰国人。
《发展汉语》问句—用疑问语气来表达疑问的是非问句；这种问句是由陈述句加上疑问语气构成的，即，说的时候句尾句调要上扬，为升调。回答时可以用“是”“对”“对了”或“不是”“不”“不对”等。如：你去？对。
《汉语教程》1上；你是中国人吗？
《新实用汉语教程》1；问句—用“吗”的是非问句。
特指问句
《HSK考试大纲》；一级；这个人是谁？
《尔雅中文》初级上（1）；第1课；问句疑问句总结（1）—特指问句（一）用疑问代词表示疑问
1.谁
2.什么
3.哪
  哪（+ 一）+量词
  哪 + “国人”用来询问国籍。
4.哪儿
5.怎么
  怎么 + V 用来询问动作行为的方式或者方法。
           询问动作行为的原因。
选择问句
《HSK考试大纲》；三级；你每天早上6点起床还是7点起床？
《尔雅中文》初级上（1）；第4课；问句疑问句总结（3）—选择问句
（……还是……）注意：“还是”一般用在最后一个选择项前，即“A还是B”、“A、B还是C”。
《汉语教程》1下；你的车是新的还是旧的？
《体验汉语》；问句—选择问句“……还是……”
正反问句
《成功之路》起步篇2；第19课；问句—用“是不是”的正反问句；表示提问人对某事已经有比较肯定的估计，希望得到证实。
（1）可放在谓语前
（2）放在句尾（陈述句后要用逗号）
（3）放在句首
回答常先说“是”或“不（是）”
《汉语教程》1上；他是不是老师？"
34,一级,句子的类型,句类,祈使句,祈使句,"《HSK考试大纲》；一级；请；请坐。
《HSK考试大纲》；二级；别；你别睡了，快起床。
《HSK考试大纲》；二级；不要……了；不要说话了，快睡觉吧。
《高等学校外国留学生汉语言专业教学大纲》；一年级；59.祈使句
《国际汉语教学课程通用大纲》；一级；祈使句（表示礼貌请求）请+动词！；请进！
《国际汉语教学课程通用大纲》；二级；祈使句；别、不要憋屈！
《汉语水平等级标准与语法大纲》；甲088；3．祈使句；别说了！/请常常给我写信！/教室里不要抽烟！
 《博雅汉语》初级起步篇II；第19课；祈使句祈使表达小结
《博雅汉语》初级起步篇I；第24课"
35,一级,句子的类型,句类,感叹句,感叹句,"《HSK考试大纲》；一级；太……了！；衣服太漂亮了！/谢谢你。
《HSK考试大纲》；二级；真……！；你的歌唱得真不错！
《HSK考试大纲》；三级；多（么）……啊！；这是一个多么好的机会啊！
《高等学校外国留学生汉语言专业教学大纲》；一年级；101.感叹句
《国际汉语教学课程通用大纲》；一级；真+形容词！太+形容词+了！；真好！/太棒了！
《国际汉语教学课程通用大纲》；三级；多（么）+形容词+啊！形容词+极了！；多漂亮啊！
《汉语水平等级标准与语法大纲》；甲089；4.感叹句；天气太冷了！/她长得多漂亮啊！
《博雅汉语》初级起步篇II；第17课；感叹句感叹表达小结
《成功之路》顺利篇1 ；第5课；感叹句：多（么）……啊；用于感叹句中，表示程度很高，含夸张语气和强烈的感情色彩，形容词和一些表示心理活动的动词常用于这一格式中，如：你不给我打电话，我多（么）着急啊！
《发展汉语》初级上；第26课；感叹句：多（么）……啊；“多（么）”用在感叹句里，表示程度很高。“多（么）……啊”是感叹句，中间用形容词或者表示心理活动的动词，但是形容词和动词前面不能用其他程度副词。如：今天的天气多好啊！
《汉语教程》2上；感叹句：太/真+adj太好了！
                感叹句：好/多+adj/v+np他写得多好啊！"
36,一级,句子的类型,特殊句型,“是”字句,（1）表示等同或类属；（2）表示说明或特征；（3）表示存在,"《高等学校外国留学生汉语言专业教学大纲》；一年级；“是”字句及其定式
《高等学校外国留学生汉语言专业教学大纲》；一年级；22.“是”表示存在
《高等学校外国留学生汉语言专业教学大纲》；二年级；（四）“是”字句
1.宾语是说明目的或原因的
①我来是想了解一下情况。
②我是怕大家走错了路，所以派了个人来接。
2.宾语是对主语的陈述、说明和解释，有些句子带有辩解口气，而且往往含有两个分句，用于正反两种情况对比着说。
①他不是病，是这两天太累，想休息一下。
②我不是去机场送人，我是去接人。
 《汉语水平等级标准与语法大纲》；乙079；（一）“是”字句（二）
1、主+是+数量词
这是第一步。
今天最高气温是37度。
2、主+是+动/动宾词组
你现在的任务是休息。
你这是跟我开玩笑吧。
3、主+是+主谓短语
这是我第一次来中国。
那是老师生气了。
4、主+是+介词短语
它是为着教育我。
这次演出成功是由于大家的努力。
《汉语水平等级标准与语法大纲》；丙284；（一）“是”字句（三）１主＋是＋动＋的＋宾（肯定某种已实现的情况）；我们是看的电影，不是看的电视连续剧。/我们是租的房子，不是租的汽车。
《汉语水平等级标准与语法大纲》；丙285；（一）“是”字句（三）２……的＋是＋名／动／小句（强调谓语）；我们说的正是外祖父。/他这次来北京为的是看他徒弟。/可惜的是时间全浪费了。
《汉语水平等级标准与语法大纲》；丙286；（一）“是”字句（三）３（都、正、就）是＋小句／无主句（强调一件事情的真实性）；都是我不好，把树栽歪了。/不是我晕车，是他晕车。/是刮风了，不是下雨了。
《汉语水平等级标准与语法大纲》；甲090；（一） “是”字句 　
肯定式：
（1） 表示等同：他是我们的老师。/他的生日四月四号。/这儿是集合的地方。
（2） 表示质料或特征：这种鞋是布的。/我们学校是第一名。
（3） 表示说明或归类：我是北京语言学院的学生。/她是老师，他是工人。/我们都是明天走，我是上午，他是下午。/我是为了大家，为了集体。
（4） 表存在：图书馆东边是操场。/桌子上是书和报。
（5） 表示领有：小王是一只手。/这张桌子是三条腿。
否定式：小王的哥哥不是工人。/辅导的时间不是下午，是晚上。
《博雅汉语》初级起步篇I；第4课；存现句在/是
《博雅汉语》初级起步篇I；第1课
《成功之路》起步篇1；第1课；(1)是由“是”作谓语构成的句子，主要表示肯定、判断，即说明事物等于什么，或者属于什么。（2）否定形式用“不”。
《体验汉语》
《新实用汉语教程》1
《新实用汉语教程》2；“是”字句（2）
《新实用汉语教程》4；“是”字句（3）
《发展汉语》初级上；第1课；汉语的“是”字句，前后的人称和数没有特殊的变化。如：他是老师。否定句格式是：马克不是老师。"
37,一级,句子的类型,特殊句型,“有”字句,“有”字句1：（1）表示领有；（2）表示存在,"《高等学校外国留学生汉语言专业教学大纲》；一年级；“有”字句及其否定式(表示领有)
《高等学校外国留学生汉语言专业教学大纲》；一年级；21.“有”表示存在
《国际汉语教学课程通用大纲》；一级；动词谓语句—“有”字句；主语+有/没有+宾语；我有一个弟弟。
《国际汉语教学课程通用大纲》；三级；存在句—“有”字句；方位短语+有+名词（短语）；桌子上有两本书。
《汉语水平等级标准与语法大纲》；甲091；（二）“有”字句肯定式：
（1） 表示领有：我有一件新衣服。/他有一个姐姐。
（2） 表示包含、列举：一年有十二个月。/参加晚会的有工人、农民、干部。
（3） 表示存在：屋里有两张桌子。/学校门口有很多汽车。
（4） 表示评价、达到：他很有办法。/他有三十多岁。
（5） 表示发生、出现：生活水平有了很大提高。/这个孩子有进步了。
否定式：他没有钱。教室里没有人。
《博雅汉语》初级起步篇I；第7课
《成功之路》起步篇1；第2课；“有”字句（1）；（1）“有”字句是由“有”作谓语构成的句子，它的基本意义是表示“领有”、“具有”。（2）否定形式用“没”，不用“不”。（3）否定句子，宾语不带数量宾语。
《汉语教程》1下；“有”字句；你有汉语书吗？
《体验汉语》；“有”字句（1）
《体验汉语》；“有”字句（2）
《新实用汉语教程》1"
38,一级,句子的类型,特殊句型,比较句,比较句1：（1）A比B +形容词（2）A没有B +形容词,"《HSK考试大纲》；二级；今年比去年冷。
《HSK考试大纲》；四级；人们把东西买回家，才发现原来并没有广告上说的那么好。
《国际汉语教学课程通用大纲》；二级；比较句—“比”字句；A+比+B+形容词  A+比+B+形容词+一点儿/得多/多了/数量短语；今天比昨天冷。/今天比昨天冷多了。
《国际汉语教学课程通用大纲》；二级；比较句—“比”字句的否定；A+没有+B+形容词；你没有玛丽高。 
《博雅汉语》初级起步篇II；第2课；比较句“比”字句
《博雅汉语》初级起步篇II；第4课；比较句；A没有B(+这么/那么)+adj.
《成功之路》进步篇3；第26课；比较句“A不比B……”句式；这种句式从形式上看，很像是“比”字句的否定形式，但实际上“比”字句的否定形式是“A没有B……”。“A不比B……”句的基本义是“A跟B差不多”，也就是说二者相差不明显。
《成功之路》起步篇2；第25课；比较句—比较句（1）；（1）A比B+Adj（2）在比较句中，谓语前不能用程度副词“很”“非常”“十分”等，也不能用否定副词“不”等。
《成功之路》起步篇2；第26课；比较句—比较句（2）；（1）“没有”表示比较的句子可以看成是用“比”表比较的句子的否定式。A没有B+（这么/那么）+Adj；我们国家的菜没有四川菜那么辣。
《发展汉语》初级下；第9课；比较句—比较句（2）；（1）肯定式：A比B+Adj./v意义：A超过B的程度，A＞B。如：今天比昨天冷。（2）否定式：“A比B+Adj./V”的否定式有两种：a.A没有比B+Adj./V如：弟弟没有我高。b.A不比B+Adj./V如：今天不比昨天冷，温度差不多。a式和b式有区别。如：他不比小王高（他跟小王差不多高）他没有小王高（他比小王矮）注意：否定词应该放在“比”的前面。如：这本书没有那本书厚。（3）疑问式:A比B+Adj./v+吗？如：今天比昨天冷吗？
《发展汉语》初级下；第18课；比较句—比较句（7）；基本句式：N1+有/没有+ N2+（这么/那么）+Adj.+其他成分，这种比较方法表示的是N1在某方面达到或没有达到N2的程度。这种句式常用于疑问和否定句。如：弟弟有我这么高。动词谓语句里也有这种格式：我没有玛丽那么喜欢篮球。
《汉语教程》2上；比较句：“比”字句；飞机比汽车快。
《汉语教程》2上；比较句：A有/没有B（这么/那么）……；她有你高吗？
《新实用汉语教程》3；比较句：用动词“有/没有”表示比较
《新实用汉语教程》2；比较句：用介词“比”表示比较（1）
                    比较句：用介词“比”表示比较（2）"
39,一级,句子的类型,复句,并列复句,（1）不用关联词语 （2）用关联词语：一边……，一边……；……，也……,"《国际汉语教学课程通用大纲》；三级；并列复句：一边……一边……；他一边看电视一边吃饭。
《汉语水平等级标准与语法大纲》；甲121；（一） 并列复句；我们复习生词，写汉字，做练习。/我一边吃饭，一边看电视。/面包我（也）吃，米饭我也吃。/晚会上，大家又唱歌，又跳舞，高兴极了。
《高等学校外国留学生汉语言专业教学大纲》；三、四年级；(一)并列复句
（1）平行并列(意合，无关联词语)
①这一古老边陲地区被认为保守落后的时代已经过去了，她正以一个现代化的但又不失中华民族传统的崭新面貌出现在中国大地上。
②在吃大锅饭的情况下，干多干少一个样，干好干坏一个样。
（2）对照并列(意合，无关联词语)
①虚心使人进步，骄傲使人落后。
②胜不骄，败不馁。
（3）解注并列(意合，无关联词语)
①他的健康状况越来越差，最近已经不能出去散步了。
②今年的桂花特别茂盛，淡黄色的小花朵一簇簇地缀满技头。
《高等学校外国留学生汉语言专业教学大纲》；二年级；(一)并列复句
无关联词语：
①这几年家里经济条件越来越好，房子有了，电器有了，汽车也有了。
②去年北京的秋天特别长，从8月中旬一直到11月上旬，最高气温都在 15℃以上。
《HSK考试大纲》；三级；复句—并列关系：一边……，一边……；他跟我一样，都喜欢一边跑步，一边听音乐。
《成功之路》冲刺篇2；第10课；复句—并列复句；各个分句之间是并列关系，分别说明和描写几件事情、几种情况或者同一个人或事物的几个方面，这样的复句就是并列复句。
《现代汉语高级教程》上；并列复句：平列关系；山中天气有时晴，有时雨。
《现代汉语高级教程》上；并列复句：对举关系；从心灵深处产生出来的创造力，是真实的，不是虚假的。
《博雅汉语》初级起步篇II；第17课；固定表达一边……一边……
《成功之路》顺利篇2；第14课；复句一边……一边……；表示同时做两件事，如：我刚才一边看比赛，一边等你们呢。/我们一边看比赛，一边聊天吧。
《发展汉语》初级上；第24课；复句一边……，一边……；“一边……，一边……”表示两个动作同时进行。如：我一边喝茶，一边看京剧。使用这种句式的时候要注意动词的选择，两个动作必须是能同时进行的动作，并且两个动词是同一类的，即表示的动作、活动等应是相互联系的。比如，两个动词要么都是表示动作行为的，要么都是表示心理活动的。
《汉语教程》2下；一边……一边……；她一边说一边笑。
《体验汉语》；复句一边……，一边……
《新实用汉语教程》3；复句一边……，一边"
40,一级,动作的态,动作的态,变化态,用语气助词“了2”表示,"《汉语水平等级标准与语法大纲》；甲117；（二） 变化态（1）已经发生变化，用句尾语气助词“了”：天冷了，你要多穿（一）点儿衣服。/她的病好了。/大家都不说话了。/风停了，雨住了。/我现在是大学生了。
（2）将要发生变化，用语气助词“了”或“要……了”“就要……了”“快要……了”“快……了”：上课了，快去教室。/要下雨了。/宴会就要开始了。/快要考试了，每天她都睡得很晚。/新年快到了。"
41,一级,动作的态,动作的态,完成态,用动态助词“了1”表示,"《汉语水平等级标准与语法大纲》；甲116；（一） 完成态（1）；完成态用动态词“了”表示：午饭我只吃了一碗面条。/我给朋友写了一封长信。
（2）动态助词“了”只与动作的完成有关，与动作发生的时间无关，可以用于过去，也可以用于将来和经常性动作：明天吃了早饭我们一起去公园。/每天我下了课就回宿舍。
（3）否定式是在谓语动词前加上副词“没（有）”，一般不能再用动态助词“了”：星期天我没（有）去看电影。/昨天我没给朋友写信。"
42,一级,动作的态,动作的态,进行态,（1）……在/正在+动词 （2）……在/正/正在+动词……+呢 （3）……呢,《国际汉语教学课程通用大纲》；二级；正/正在+动词（短语）（+呢）；玛丽正在打网球呢。
43,一级,特殊表达法,数的表示法,,钱数表示法,"《HSK考试大纲》；一级；六块钱
《国际汉语教学课程通用大纲》；一级；钱数的表达：元（块）、角（毛）、分10块5毛8分
 《博雅汉语》初级起步篇I；第9课；钱数表达法
《成功之路》起步篇1；第10课；钱的读法：举例说明：0.03元，三分；0.46元，四毛六；1.30元，一块三；1.39元，一块三毛九；0.02元，l两分；0.22元，两毛二；2.20元，两块二；2.22元，两块两毛二；1.03元，一块零三（分）；2.05元，两块零五（分），10.3元，十块零三毛；10.03元，十块零三分。
《发展汉语》初级上；第9课；钱数的读法；中国的钱叫人民币，用RMB表示。人民币有三个单位，即：元、角、分，口语中的名称分别是：块、毛、分。它们之间的关系如下：1元=10角（毛），1角（毛）=10分，1分=0.1角=0.01元。读法：0.46元：四毛六；0.02元：二分（两分）；5.02元：五块零二分。
注意：（1）元、角、分后边没有其他单位时，读的时候，可以省略鸽子的“元、角、分”单位名称。例如：56元可以读作“五十六”。（2）数字“2”在只有元、角、分的时候，一般读作“两”，如：两块。前面没有其他单位时，也读两。如：2.20元读作“两块二”。（3）数字中间有零的时候，要把零读出来，同时最小的单位名称不能省略。如：50.20元读作“五十块零二毛。”
《体验汉语》；认识人民币并熟悉钱数的读法"
44,一级,特殊表达法,时间表示法,,（1）年、月、日、星期表示法（2）钟点表示法,"《汉语教程》1下；年、月、日；1997年
《体验汉语》；时间时段表达:—年、月、日、星期的表示法、时间时段表达：时间词“点”、“刻”、“分”
《新实用汉语教程》1；时间时段表达：—年、月、日和星期
《高等学校外国留学生汉语言专业教学大纲》；一年级；37.年、月、日、时表示法
《国际汉语教学课程通用大纲》；一级；时间名词—年、月、日的表达：__年__月__日；2013年12月5日
《汉语水平等级标准与语法大纲》；甲110；（一） 年、月、日、星期表示法；1987年12月18日、3月5日、星期一（二、三、四、五、六）、星期日、星期天
《汉语水平等级标准与语法大纲》；甲111；（二）钟点表示法两点（钟）；（2：00）两点（过/零）五分（2：05）两点十五（分）（两点一刻）（2：15）两点半（2：30）两点四十五（分）（两点三刻/差一刻三点）（2：45）两点五十八分（差两分三点）（2：58）"
45,一级,提问的方法,,,用“吗”提问,《汉语水平等级标准与语法大纲》；甲099；（一） 用语气助词“吗”提问；今天是星期一吗？/那个商店远吗？/你的身体好吗？/老张是北京人吗？/晚上睡得好吗？
46,一级,提问的方法,,,用“多、多少、几、哪、哪儿、哪里、哪些、什么、谁、怎么”提问,"《汉语水平等级标准与语法大纲》；甲107；（九）用疑问副词“多”提问 ；这条路多长？/你的孩子多大了？/前面那座楼有多高？/从这儿到机场有多远？
《汉语水平等级标准与语法大纲》；甲103；（五） 用疑问代词“谁、什么、哪儿、多少、几、怎么、怎么样”提问 ；谁是你们的汉语老师？/你叫什么名字？/你想去哪儿？/你们班有多少人？/你住几楼？/请问，去车站怎么走？/这个电影怎么样？
 《新实用汉语教程》1；用“几”或“多少”提问"
47,一级,提问的方法,,,用“还是”提问,《汉语水平等级标准与语法大纲》；甲109；（十一）用“（是）……还是”提问；你吃米饭还是饺子？/（是）你高，还是小张高？/ 你（是）去还是不去？
48,一级,提问的方法,,,用正反疑问形式提问,《体验汉语》；问句用“是不是”提问
49,二级,词类,动词,能愿动词,（1）可能；（2）可以；（3）会,"可能

《汉语水平等级标准与语法大纲》；甲011；助动词：能、会、要、想、可能、可以、愿意、应该、得(dei)

《博雅汉语》初级起步篇I；第26课

《新实用汉语教程》1；能愿动词—能愿动词谓语句（3）：可能、会

可以

《HSK考试大纲》；二级；动词—能愿动词：可以1；你在写什么？/我可以看看吗？

《HSK考试大纲》；二级；动词—能愿动词：可以2；我觉得住在这儿很好，离学校近，我可以每天走着去上学。

《高等学校外国留学生汉语言专业教学大纲》；一年级；58.能愿动词“可以”、“得”、“应该”“愿意”

《国际汉语教学课程通用大纲》；二级；助动词：可以（表允许）；可以+动词（短语）；这儿可以拍照。

《国际汉语教学课程通用大纲》；三级；助动词：可以（表功能）；可以+动词（短语）；看电视可以练习听力。

《汉语水平等级标准与语法大纲》；甲011；助动词：能、会、要、想、可能、可以、愿意、应该、得(dei)

《成功之路》起步篇2；第19课；能愿动词—助动词（3）可以；（1）表示准许。房间里可以上网。 （2）具备某种客观条件。肯定形式和否定形式。

《体验汉语》；能愿动词“可以”和“能”

《新实用汉语教程》1；能愿动词—能愿动词谓语句（1）：会、能、可以、应该"
50,二级,词类,动词,能愿动词,该、应该,"该
《现代汉语高级教程》上；助动词“应该、应当、应、该”及其否定形式；我看这起交通事故，司机不该受罚。
应该
《HSK考试大纲》；三级；应该1；为了健康，我们应该每年都去医院做一次身体检查。
《HSK考试大纲》；三级；应该2；我应该是感冒了，有点儿发烧。
《高等学校外国留学生汉语言专业教学大纲》；一年级；58.能愿动词“可以”“得”“应该”“愿意”
《国际汉语教学课程通用大纲》；三级；应该+动词（短语）；你应该早点儿来。
《汉语水平等级标准与语法大纲》；甲011；助动词：能、会、要、想、可能、可以、愿意、应该、得(dei)
《尔雅中文》初级上（1）；第7课；能愿动词—能愿动词“得”和“应该”
学过的能愿动词
肯定        否定
会          不会
能          不能
可以        不能
想          不想
要          不想
能愿动词表达能力、要求、愿望、可能等，放在动词之前。
“得”表示情理上、事实上或主观上的需要。否定形式是“不用”，不能用“不得”。
“应该”表示从道理上说一定是这样。否定形式是“不应该”。
《体验汉语》
《现代汉语高级教程》上；助动词“应该、应当、应、该”及其否定形式；我看这起交通事故，司机不该受罚。
《新实用汉语教程》1；能愿动词—能愿动词谓语句（1）：会、能、可以、应该"
51,二级,词类,动词,能愿动词,愿意,"《高等学校外国留学生汉语言专业教学大纲》；一年级；58.能愿动词“可以”、“得”、“应该”、“愿意”
《国际汉语教学课程通用大纲》；三级；助动词：愿意；愿意+动词（短语）；我愿意学习汉语。
《汉语水平等级标准与语法大纲》；甲011；助动词：；能、会、要、想、可能、可以、愿意、应该、得(dei)
《发展汉语》初级上；第30课；“愿意”在本课中是能愿动词，表示意愿和希望做某事。如：我愿意帮他。
《汉语教程》3上；你愿意跟她结婚吗？
《新实用汉语教程》1；能愿动词谓语句（2）：要、想、愿意"
52,二级,词类,动词,动词重叠,动词重叠：AA、A一A、A了A、ABAB,"《HSK考试大纲》；二级；动词—动词重叠：AA（例：看看）；这本书不错，你可以看看。
《HSK考试大纲》；二级；动词—动词重叠：A一A（例：读一读）；这本书不错，你可以读一读。
《HSK考试大纲》；二级；动词—动词重叠：ABAB（例：运动运动）；外面天气很好，我们出去运动运动。
《高等学校外国留学生汉语言专业教学大纲》；一年级；69.动词重叠
《国际汉语教学课程通用大纲》；二级；动词重叠：VV或V一V；我试试这件衣服。
《汉语水平等级标准与语法大纲》；甲010；动词重叠；想想、看看、学习学习、研究研究、说(一)说、试(一)试、听了听、走了走
《博雅汉语》初级起步篇I；第16课；重叠—动词重叠
《成功之路》起步篇2；第23课；重叠—动词重叠；（1）表示时间短。（2）尝试。（3）轻松、随便。单音节动词重叠是“AA”或者“A一A”，双音节动词重叠形式一般是“ABAB”。
《发展汉语》初级上；第17课；重叠—动词的重叠；单音节动词重叠，格式为AA式，如：看看；双音节动词重叠式为AABB式，如：学习学习。动词重叠主要用在口语里。在主语为第一人称的句子里，动词重叠表示请求、要求等，有缓和语气的作用；用在主语为第二人称的句子里，则表示劝说、告诫等。如：我想去泰国玩玩儿。
《汉语教程》1下；我试试这件衣服，可以吗？
《体验汉语》；重叠—动词重叠（1）"
53,二级,词类,代词,疑问代词,多久、为什么、怎么样、怎样,"多久
无
为什么
《HSK考试大纲》；二级；你为什么来中国学习汉语？
怎么样
《HSK考试大纲》；一级；他的汉语怎么样？
《汉语水平等级标准与语法大纲》；甲066；疑问代词：谁、哪、哪里(哪儿)、什么、怎么、怎么样、几、多少
怎样
无"
54,二级,词类,代词,人称代词,别人、大家、它、它们、咱、咱们、自己,"别人
《国际汉语教学课程通用大纲》；三级；代词：别人、自己、其他别人、自己、其他；他常常帮助别人。
《汉语水平等级标准与语法大纲》；甲008；其他代词：各、每、有的、有些、别人、别的、它、它们
大家
《国际汉语教学课程通用大纲》；二级；代词：大家、每、大家；大家好。
它
《汉语水平等级标准与语法大纲》；甲008；其他代词：各、每、有的、有些、别人、别的、它、它们
它们
《汉语水平等级标准与语法大纲》；甲008；其他代词：各、每、有的、有些、别人、别的、它、它们
咱
《汉语水平等级标准与语法大纲》；甲005；人称代词：你(您)、你们、我、我们、他(她)、他们(她们)、咱、咱们
咱们
《HSK考试大纲》；四级；我刚看电视上说今天有大雨，咱们改天再去植物园吧。
《汉语水平等级标准与语法大纲》；甲005；人称代词：你(您)、你们、我、我们、他(她)、他们(她们)、咱、咱们
《博雅汉语》初级起步篇I；第13课；代词“咱们”和“我们”
自己
《国际汉语教学课程通用大纲》；三级；代词：别人、自己、其他；他常常帮助别人。"
55,二级,词类,代词,指示代词,那么、那样、这么、这样,"那么、这么
《国际汉语教学课程通用大纲》；三级；代词—指示代词：这么、那么；你应该这么做。
《汉语水平等级标准与语法大纲》；指示代词：甲007；这、这些、那、那些、这里(这儿)、那里(那儿)、这么、那么、这样、那样
《体验汉语》；代词：这么、那么
那样
《汉语水平等级标准与语法大纲》；指示代词：甲007；这、这些、那、那些、这里(这儿)、那里(那儿)、这么、那么、这样、那样
这样
《汉语水平等级标准与语法大纲》；指示代词：甲007；这、这些、那、那些、这里(这儿)、那里(那儿)、这么、那么、这样、那样
《体验汉语》"
56,二级,词类,形容词,形容词重叠,AA、AABB,"《HSK考试大纲》；二级；形容词—形容词重叠：AA（例：红红）；这个苹果红红的，真好吃。
《HSK考试大纲》；三级；形容词—形容词重叠：AABB（例：干干净净）；他把房间打扫得干干净净的。
《高等学校外国留学生汉语言专业教学大纲》；一年级；17.形容词重叠
《国际汉语教学课程通用大纲》；二级；形容词重叠AA式；高高/长长/他个子高高的。
《国际汉语教学课程通用大纲》；二级；形容词重叠AABB式；干干净净/漂漂亮亮/他的房间干干净净的。
《汉语水平等级标准与语法大纲》；甲013； 形容词重叠；高高、长长、好好、整整齐齐、干干净净、高高兴兴
《博雅汉语》初级起步篇II；第7课；重叠—形容词重叠
《尔雅中文》初级下（1）；第2课；重叠—形容词重叠；表示程度加强或具有某种感情色彩。形容词重叠后不能用“很”等程度副词修饰。AA式，AABB式
《发展汉语》初级上；第21课；重叠—形容词重叠；表示程度加强或者具有某种感情色彩。（1）单音节形容词重叠形式：AA（2）双音节形容词重叠形式：AABB。
《发展汉语》初级下；第24课；重叠—形容词重叠小结：有的形容词可以重叠起来，加强描写性。单音节重叠词的形式是AA（如“长长”），双音节形容词的重叠式主要是AABB（如“漂漂亮亮”）。重叠后的形容词可以做谓语、定语、状语和补语。如：饭菜热乎乎的。形容词重叠已经表示了程度，所以不能受程度副词和否定副词修饰。如：他的房间很干净。/他的房间干干净净的。
《汉语教程》2上；别着急，你慢慢儿说。
《体验汉语》
《新实用汉语教程》4；动词、形容词重叠
《新实用汉语教程》3"
57,二级,词类,数词,,千、万、亿,"千、万
《国际汉语教学课程通用大纲》；二级；基数词：百、千、万；一万五千八百
《汉语水平等级标准与语法大纲》；甲104；基数：零 0 一 十 百 千 万 二 两 半
《博雅汉语》初级起步篇II；第16课；数量—百以上的称数法（千、万）
《体验汉语》；数字“百”、“千”、“万”的读法
亿
《汉语水平等级标准与语法大纲》；乙007；数词—基数：亿
《成功之路》进步篇2；第22课；数量“万”和“亿”以上数字的称数法；数目在“万”以上时，以“万”为单位，“万”位照读，“万”以上的位数和“万”以下一样，仍然读作“十”、 “百”、 “千” 。 “亿”以上的数目，以“亿”为单位，称数法跟“万”以上的相同。"
58,二级,词类,量词,名量词,层、封、件、条、位,"层
《国际汉语教学课程通用大纲》；三级；量词—名量词：双、条、层、种、辆、位、一双鞋、一条河
封
无
件
《国际汉语教学课程通用大纲》；二级；件、条、块、张、斤；一件衬衣
条
《国际汉语教学课程通用大纲》；二级；件、条、块、张、斤；一件衬衣
《国际汉语教学课程通用大纲》；三级；量词—名量词：双、条、层、种、辆、位；一双鞋、一条河
《汉语水平等级标准与语法大纲》；甲019；名量词：个、位、本、件、种、斤、公斤、克、间、棵、课、张、把、只、条、口、米、公尺
位 
《汉语水平等级标准与语法大纲》；甲019；名量词：个、位、本、件、种、斤、公斤、克、间、棵、课、张、把、只、条、口、米、公尺"
59,二级,词类,量词,动量词,遍、次、场、回、下,"遍
《HSK考试大纲》；四级；这本书她读过很多遍了。
《国际汉语教学课程通用大纲》；四级；遍、趟、回；这本书我看了三遍。
《汉语水平等级标准与语法大纲》；甲021；动量词：次、遍、回、下、口
《成功之路》顺利篇1；第11课；数量—动量词：“次”和“遍”；“次”和“遍”是常用的动量词，常常和数词一起，用在动词后边充当动量补语，说明动作发生或进行的次数。如：错一次写十遍。
《发展汉语》初级上；第35课；数量—动量词“遍”“次”；“趟”和时量补语动量词“遍”“次”“趟”和动词组合，放在“动词+过”的后边做动量补语，表示动作发生的次数。“遍”不仅表示次数，而且强调从头到尾的全过程，所以一般的动词后边不能用这个量词。动词“听、看、说、学习”等可以用两次“遍”。“趟”表示来往的次数，所以只有“来”“去”“回”等动词后可以用这个量词。“动词+过”后边有动量补语又有宾语时，如果宾语是名词，动量补语就放在宾语铅笔那；如果宾语是代词，动量补语放在宾语后边。如：我念过两遍课文。我找过你两次。如果宾语很长，一般宾语要放在主语前边。如：这个电影我已经看过两遍了。
《体验汉语》；“遍”和“次”
次
《HSK考试大纲》；二级；医生说，这个药每天吃三次。
《国际汉语教学课程通用大纲》；二级；我去过一次长城。
《汉语水平等级标准与语法大纲》；动量词：次、遍、回、下、口
《成功之路》顺利篇1；第4课；数量—动量词：“次”和“下”；“次”一般用于能反复出现的动作，“下”一般用于短时间动作，如：昨天我给你打了两次电话，你都不在。大卫从后边拍了我一下。
《成功之路》顺利篇1；第11课；数量—动量词：“次”和“遍”；“次”和“遍”是常用的动量词，常常和数词一起，用在动词后边充当动量补语，说明动作发生或进行的次数。如：错一次写十遍。
《发展汉语》初级上；第35课；数量—动量词：“遍”“次”；“趟”和时量补语动量词“遍”“次”“趟”和动词组合，放在“动词+过”的后边做动量补语，表示动作发生的次数。“遍”不仅表示次数，而且强调从头到尾的全过程，所以一般的动词后边不能用这个量词。动词“听、看、说、学习”等可以用两次“遍”。“趟”表示来往的次数，所以只有“来”“去”“回”等动词后可以用这个量词。“动词+过”后边有动量补语又有宾语时，如果宾语是名词，动量补语就放在宾语铅笔那；如果宾语是代词，动量补语放在宾语后边。如：我念过两遍课文。我找过你两次。如果宾语很长，一般宾语要放在主语前边。如：这个电影我已经看过两遍了。
《体验汉语》；“遍”和“次”
场
《国际汉语教学课程通用大纲》；四级；场、顿；一场比赛、打他一顿
《HSK考试大纲》；四级；真希望下一场大雨，让天气凉快下来。
回
《汉语水平等级标准与语法大纲》；甲021；动量词：次、遍、回、下、口
下
《国际汉语教学课程通用大纲》；二级；次、下；我去过一次长城。
《汉语水平等级标准与语法大纲》；甲021；动量词：次、遍、回、下、口"
60,二级,词类,量词,时量词,分钟、年、天、周,"分钟
无
年
无
天
无
周
无"
61,二级,词类,副词,程度副词,多、多么、好、更、十分、特别、挺、有（一）点儿,"多
无
多么
《汉语教程》3上；家乡的变化多么大啊！
好
无
更
《HSK考试大纲》；三级；这件红色衬衫更好看。
《国际汉语教学课程通用大纲》；二级；程度副词：最、更；这件衣服最漂亮。
《汉语水平等级标准与语法大纲》；甲025；程度副词：很、太、更、最、十分、非常、多(么)
《体验汉语》；副词“可”、“更”
《新实用汉语教程》3；副词“更”、“最”表示比较
十分
《汉语水平等级标准与语法大纲》；甲025；程度副词：很、太、更、最、十分、非常、多(么)
特别
《国际汉语教学课程通用大纲》；三级；程度副词：越、特别、极、几乎、比较；昨天天气特别好。
《成功之路》进步篇1；第3课
《汉语教程》3上；这种苹果特别甜。
挺
《HSK考试大纲》；四级；这次出差挺顺利的，安排得很好。
《汉语水平等级标准与语法大纲》；乙013；程度副词：挺、极、白、比较、尤其、相当、稍/稍微、才（2）
《博雅汉语》初级起步篇I；第14课；副词：挺+adj.
《体验汉语》
有（一）点儿
《成功之路》起步篇2；第23课；固定表达：有点儿；（1）副词。
（2）+Adj表示较低的程度。
（3）多用于不如意的事情。
（4）“有点儿”有时候是动词和量词的组合。
《发展汉语》初级上；第22课；数量“一点儿”和“有点儿”的用法；（1）有点儿+Adj.“有点儿”用在形容词的前边，表示量少或者程度低。这种用法，多表示不如意或者不希望发生的事情。如：这本书有点儿贵。（2）V+一点儿“一点儿”用在动词后边，也表示量少或程度低。如：喝一点儿吧！（3）V+一点儿+N“一点儿”用在动词后边，名词前边，表示数量少。如：我要喝一点儿水。（4）Adj.+一点儿“一代呢让”用在形容词的后边，表程度。这种形式通常用在表示比较的情况下。如：快（一）点儿走！
《汉语教程》1下；“一点儿”和“有一点儿”；这件有点儿长。
《HSK考试大纲》；二级；我这两天有点儿忙。
《高等学校外国留学生汉语言专业教学大纲》；一年级；94.“有一点儿”和作数量补语的“一点儿”"
62,二级,词类,副词,范围、协同副词,全、一共、只,"全
《HSK考试大纲》；四级；东西全都搬上来了。
一共
《国际汉语教学课程通用大纲》；三级；主语+一共+动词（短语）昨天我一共花了300块钱。
《汉语水平等级标准与语法大纲》；范围副词：都(1)、只、一共
只
《HSK考试大纲》；三级；副词：只1；电梯坏了，我们只能走上去了。
《HSK考试大纲》；三级；副词：只2；他早上吃得很简单，一般只吃一个鸡蛋，两块面包，喝一杯牛奶。
《国际汉语教学课程通用大纲》；三级；范围副词：只；主语+只+动词（短语）；我只有十块钱。"
63,二级,词类,副词,时间副词,刚、刚刚、还2、忽然、一直、已经,"刚
《汉语水平等级标准与语法大纲》；甲023；时间副词：正、刚、常、常常、已经、正在、总(是)、才(1)、就(1)
《成功之路》顺利篇2；第13课；副词“刚”和“刚才”；“刚”是副词，强调动作行为发生在不久之前，只能用在动词前面；“刚才”是时间名词，在句子中的位置比较灵活，可以用在动词前，也可用在主语前，还可以作定语。如：我今天下午刚到。/刚才我朋友送来了一篇日语文章，让我帮他翻译。
《汉语教程》3上；她刚走一会儿。
《体验汉语》；副词“刚”和“刚才”
刚刚
无
还2
《HSK考试大纲》；二级；副词：还1；已经晚上10点了，他还在教室里学习。
《国际汉语教学课程通用大纲》；三级；时间副词：还；还+动词（短语）；玛丽还在看电视。
《发展汉语》初级上；第14课；副词“还”的用法（2）在本课，副词“还”表示动作或状态的持续。如：他还不知道这件事。
忽然
《HSK考试大纲》；五级；走到门口，他忽然想起妈妈不允许他在家里养小动物。
《发展汉语》初级上；第32课；副词“突然”和“忽然”两个词的词义基本相同，都表示事情发生得很急，让人没有想到。但是，“突然”是形容词，“忽然”是副词；“突然”可以做谓语，也可以做状语，而“忽然”只能做状语。如：他忽然离开了北京。/这件事很突然。
《汉语教程》3上；汽车忽然停住了。
《新实用汉语教程》5；其他词语例解：躲、格外、决不、忽然、正、起先、飞来飞去、一时
一直
《HSK考试大纲》；三级；副词：一直1；你一直向前走就能看到图书馆了。
《HSK考试大纲》；三级；副词：一直2；她学习一直很努力，成绩很好。
《国际汉语教学课程通用大纲》；三级；频率副词：一直、总是；主语+一直+动词（短语） 主语+总是+动词（短语）；他一直很努力。
《汉语教程》3上；雨一直下到晚上才停。
已经
《HSK考试大纲》；二级；现在已经12点了。
《国际汉语教学课程通用大纲》；三级；已经+动词（短语）；他们已经下班了。
《汉语水平等级标准与语法大纲》；甲023；时间副词：正、刚、常、常常、已经、正在、总(是)、才(1)、就(1)"
64,二级,词类,副词,频率、重复副词,重新、经常、老、老是、又,"重新
无
经常
《国际汉语教学课程通用大纲》；三级；频率副词：经常、常常；主语+经常/常常+动词（短语）；他常常迟到。
老
《汉语水平等级标准与语法大纲》；乙011；时间副词：临、将、直、曾经、从来、始终、一时、先后、终于、往往、都（2）（现在都八点了。）、老（我老（是）见不到他。）、回头（回头见）
《博雅汉语》准中级加速篇I；第2课；副词：老（是）
《汉语教程》3下；老麻烦你，真不好意思。
老是
《博雅汉语》准中级加速篇I；第2课；副词老（是）
又
《HSK考试大纲》；三级；你怎么又忘记了？这药要饭前吃，不能饭后吃，下次一定要记住。
《高等学校外国留学生汉语言专业教学大纲》；一年级；71.“再”“又”“还”:表示动作的重复
《高等学校外国留学生汉语言专业教学大纲》；一年级；99.副词“就”、“还”、“再”、“又”等（小结）
《国际汉语教学课程通用大纲》；三级；频率副词“再”和“又”；主语+再+动词（短语） 主语+又+动词（短语）；你再听一遍。
《汉语水平等级标准与语法大纲》；甲026；频度副词：又、再、还、也
《博雅汉语》初级起步篇I；第21课
《成功之路》顺利篇1；第4课；副词“又”和“再”，都可以表示动作行为的重复和继续，“又”多用于已经发生的情况，“再”用于还没发生的情况。
如：今天她又买了一件衣服。明天她想再买一件衣服。
《汉语教程》2上；他昨天来看我了，今天又来了。
《汉语教程》2下；你又不是故意的。
《汉语教程》3上；我想去又不想去，还没决定。
《汉语教程》3下；又没下雨，你急什么！
《体验汉语》；副词“又”和“再”
《新实用汉语教程》3；副词副词“再”和“又”"
65,二级,词类,副词,关联副词,就1,"《HSK考试大纲》；二级；从这儿去火车站，坐公共汽车20分钟就到了。
《博雅汉语》准中级加速篇II；第8课"
66,二级,词类,副词,方式副词,故意,"《博雅汉语》准中级加速篇I；第10课
《汉语教程》3上；对不起，我不是故意的。"
67,二级,词类,副词,情态副词,必须、差不多、好像、也许,"必须
《汉语教程》3上；我们必须马上把他送到医院去。
差不多
《体验汉语》
好像
《博雅汉语》初级起步篇I；第21课
也许
《汉语教程》3上；你再好好儿找找，也许放在什么地方了。"
68,二级,词类,副词,语气副词,才1、都2、就2、正好,"才1
《HSK考试大纲》；三级；这条裙子很漂亮，而且才200块，就买这条吧。
《高等学校外国留学生汉语言专业教学大纲》；一年级；86.“才”和“就”：表示动作发生得早、晚、快、慢等
《国际汉语教学课程通用大纲》；三级；时间副词“就”和“才”；主语（+时间）+就/才+动词（短语）；我就来。/他今天8点半才来上班。
《博雅汉语》初级起步篇I；第19课；副词“就”和“才”
《成功之路》顺利篇1；第7课；副词“就”和“才”；都可以用在表示时间的词语后，“就”表示说话人认为动作发生的时间早、快，或者用的时间少，“才”表示说话人认为动作发生的时间晚、慢，或者用的时间多。
《尔雅中文》初级上（1）；第7课；副词“就”和“才”；“就”表示某一动作或情况发生的时间早，所用的时间段，容易实现。“才”表示某一动作或情况发生的时间晚，所用的时间长，不容易实现。
《发展汉语》初级上；第24课；副词“才”的用法小结；“才”作为副词，用在动词前边，表示动作行为发生得晚、慢、不顺利。在本课中，“才”用在数量词语前边，表示说话人认为数量少、时间早、年龄小等。如：他今年才十五岁。
《发展汉语》初级上；第21课；副词“才”的用法（2)；在本课中，“才”用在动词前边，表示事情发生得晚。如：我们七月才考试。与此用法类似的还有副词“就”，但是，“就”是表示事情发生得很快。如：做题就开始上课了。
《汉语教程》2上；“就”和“才”；我才到家。
《体验汉语》；副词“就”和“才”
都2
《HSK考试大纲》；二级；都这么晚了，他可能不会打电话了。
《汉语水平等级标准与语法大纲》；时间副词：临、将、直、曾经、从来、始终、一时、先后、终于、往往、都（2）（现在都八点了。）、老（我老（是）见不到他。）、回头（回头见）
就2
《高等学校外国留学生汉语言专业教学大纲》；一年级；86.“才”和“就”：表示动作发生得早、晚、快、慢等
《国际汉语教学课程通用大纲》；三级；时间副词“就”和“才”；主语（+时间）+就/才+动词（短语）；我就来。 他今天8点半才来上班。
《汉语水平等级标准与语法大纲》；甲023；时间副词：正、刚、常、常常、已经、正在、总(是)、才(1)、就(1)
《博雅汉语》初级起步篇I；第19课；副词“就”和“才”
《成功之路》顺利篇1；第7课；副词“就”和“才”；都可以用在表示时间的词语后，“就”表示说话人认为动作发生的时间早、快，或者用的时间少，
“才”表示说话人认为动作发生的时间晚、慢，或者用的时间多。
《尔雅中文》初级上（1）；第7课；副词“就”和“才”；“就”表示某一动作或情况发生的时间早，所用的时间段，容易实现。“才”表示某一动作或情况发生的时间晚，所用的时间长，不容易实现。
《汉语教程》2上；“就”和“才”；你等一想，她马上就来。
正好
《发展汉语》初级上；第25课；副词“正好”的用法。“正好”，副词。表示两件事恰巧遇到一起。如：我真好要去找他，他来了。"
69,二级,词类,介词,引出时间、处所,当,《汉语水平等级标准与语法大纲》；甲027；引出时间、处所、起点：当、在、从、离
70,二级,词类,介词,引出方向、路径,往,"《HSK考试大纲》；二级；我正往学校走呢，你们等我几分钟。
《国际汉语教学课程通用大纲》；二级；介词：引进空间方位：往；往+方向+动词（短语）；往右拐。
《汉语水平等级标准与语法大纲》；甲028；引出方向：向、往、朝
《汉语教程》1下；从这儿往东走。
 《成功之路》起步篇2；第18课；介词“往”和动词“离”；（1）往：表示动作的方向，常跟动词“走”、“拐”等搭配使用，一般带方位词宾语。
离：表示两点之间的距离，常跟形容词“远”、“近”搭配使用，表示距离远近的程度；也可以跟动宾短语“有……米”搭配使用，表示具体的距离。
地方1+离+地方2+Adj./V.
《体验汉语》；介词“离”、“从”、“往”"
71,二级,词类,介词,引出方向、路径,向1,"《HSK考试大纲》；三级；我们从办公楼向南走就是图书馆。
《汉语水平等级标准与语法大纲》；甲028；引出方向：向、往、朝"
72,二级,词类,介词,引出方向、路径,从2,"《高等学校外国留学生汉语言专业教学大纲》；一年级
《汉语教程》1下；他从美国来中国。
《汉语教程》1下；从这儿往东走。
《体验汉语》；介词—介词“离”、“从”、“往”"
73,二级,词类,介词,引出对象,对,"《高等学校外国留学生汉语言专业教学大纲》；一年级
《国际汉语教学课程通用大纲》；二级；介词：引进对象做状语；对+某人+动词（短语）；我对他说。
《汉语水平等级标准与语法大纲》；甲029；引出对象：对、跟、和、比、为、给"
74,二级,词类,介词,引出对象,给,"《高等学校外国留学生汉语言专业教学大纲》；一年级
《国际汉语教学课程通用大纲》；二级；介词：引进对象做状语；给+某人+动词（短语）我给爸爸打电话。
《汉语水平等级标准与语法大纲》；引出对象：对、跟、和、比、为、给
《成功之路》起步篇2；第13课；引出动作服务的对象，或动作接受的对象。
《发展汉语》初级上；第17课；介词“给”的用法。“给”这个词有两种用法，一种是动词，如：请给我这本书。“给”也可以做介词，它后边的代词或名词表示动作的对象。用法：给+代词或名词+V+O 如：他给我打电话。
《发展汉语》初级上；第21课；介词“对”“跟”“给”；介词“对”“给”“跟”和后面的名词组成介词短语，一起用在动词前边，这几个介词和动词搭配如下：（1）他对我说……（2）我去给他买票（3）我跟他一起去商店买东西。
《汉语教程》1上；介词“在”和“给”；她给妈妈打电话。
《汉语教程》3下；我把这件事给忘了。"
75,二级,词类,介词,引出对象,离,"《高等学校外国留学生汉语言专业教学大纲》；一年级
《国际汉语教学课程通用大纲》；二级；A+离+B+远/近；我家离学校很远。
《汉语水平等级标准与语法大纲》；甲027；引出时间、处所、起点：当、在、从、离
《成功之路》起步篇2；第18课；介词“往”和动词“离”（1）；往：表示动作的方向，常跟动词“走”、“拐”等搭配使用，一般带方位词宾语。
离：表示两点之间的距离，常跟形容词“远”、“近”搭配使用，表示距离远近的程度；也可以跟动宾短语“有……米”搭配使用，表示具体的距离。
地方1+离+地方2+Adj./V.
《尔雅中文》初级上（1）；第3课；介词—介词总结：从、离、往；“从+处所词”表示路程的起点。“从+时间词”表示时间的起点。“离+处所词”表示距离。“往+方位词/处所词”表示方向。
《发展汉语》初级上；第13课；介词“离”的用法；介词“离”表示距离，用法是：（1）A离B+距离。如：商店离银行500米（2）A离B+形容词（Adj.)如：学校离邮局很远。
《汉语教程》1下；北京离上海1462公里。
《体验汉语》"
76,二级,词类,介词,引出目的、原因,为1,《汉语水平等级标准与语法大纲》；甲030；引出目的、原因；为 为了
77,二级,词类,连词,连接词或词组,或、或者,"《HSK考试大纲》；三级；这不是打电话或者写电子邮件就能解决的问题，我们还是见面再说吧。
《高等学校外国留学生汉语言专业教学大纲》；一年级；43.“或者”和“还是”
《汉语水平等级标准与语法大纲》；甲033；连接词或词组：和、跟、或者、还是
 《体验汉语》"
78,二级,词类,连词,连接分句或句子,不过、但、但是、而且、那、如果、虽然、只要,"不过
《HSK考试大纲》；四级；相距几千公里的国家，以前坐船需要几个月，现在乘坐飞机不过十几个小时。
但、但是
《汉语水平等级标准与语法大纲》；连接分句：虽然、但是、要是、所以、可是、还是、但、而且、只好
《高等学校外国留学生汉语言专业教学大纲》；二年级；但
《博雅汉语》准中级加速篇I；第1课
《成功之路》进步篇3；第34课；（1）以前我们学过的“不过”是连词，表示转折，比“但是”的语气轻，多用于口语。（2）本课中我们学习的“不过”是副词，是“只、仅仅”的意思。表示不超过某种范围，尽量把事情往小里或往轻里说。不能用于主语前。（3）“不过”作为副词，还有一个用法，就是用在表示正向意义的形容词的后面，表示程度最高。常组成“再……不过”这样的格式。
《汉语教程》3上；我不过说了她几句，她就哭了。
《新实用汉语教程》6；其他词语例解：不得、竟、问道、忍、弄、不无、来、不过
而且
《成功之路》进步篇1；第11课；连词，表示意思更进一层。
《汉语水平等级标准与语法大纲》；甲034；连接分句：虽然、但是、要是、所以、可是、还是、但、而且、只好
那
无
如果
无
虽然
《汉语水平等级标准与语法大纲》；甲034；连接分句：虽然、但是、要是、所以、可是、还是、但、而且、只好
只要
无"
79,二级,词类,助词,结构助词,得,"《HSK考试大纲》；二级；这本书写得真有意思。
《汉语水平等级标准与语法大纲》；甲035；结构助词：的(1)、地、得
《博雅汉语》准中级加速篇I；第3课；助词：的、地、得
《新实用汉语教程》3；助词—结构助词：“的、地、得”"
80,二级,词类,助词,动态助词,过,"《HSK考试大纲》；二级；我看过那个电影，还不错。
《国际汉语教学课程通用大纲》；二级；主语+动词+过+名词我去过长城。
《汉语水平等级标准与语法大纲》；甲036；动态助词：了、着、过、呢
 《博雅汉语》初级起步篇II；第13课；助词—V过
《发展汉语》初级上；第35课；助词—用“过”表示过去的经历“动词+过”表示在过去曾经发生的动作和状态，现在已经不再继续了。常用来强调有过某种经历。如：我去过日本。（现在不在日本）有宾语时，宾语要放在“过”的后边。
    疑问形式：a. S+V+过+（O）+没有？  如：你去过长城没有？   b. S+V+没+V+过+O?  如：你去没去过长城？
    否定形式：没（有）+V+过如：我没去过长城。
    注意：“动词+过”与“动词+了”的区别：（1）“动词+了”表示动作的完成，时间上不一定都是过去，也可以是现在和将来。如：我明天吃了饭就去买票。  （2）否定形式不同：没有+动词+过   没有+动词（后边不用“了”）  如：我没看过这本书（3）语义不同：他去过上海。（现在已经不在上海。）他去了上海。（现在在上海。）
《汉语教程》2上；V+过；我以前来过中国。"
81,二级,词类,助词,,着,"《HSK考试大纲》；二级；助词：着1；有什么事吗？我正忙着呢。
《HSK考试大纲》；二级；助词：着2；爸爸每天走着去公司。
《HSK考试大纲》；三级；助词：着3；桌子上放着一瓶花。
《HSK考试大纲》；三级；助词：着4；她说着说着哭了起来。
《高等学校外国留学生汉语言专业教学大纲》；一年级；65.动作或状态的持续:动态助词“着”及其否定式
《国际汉语教学课程通用大纲》；二级；主语+动词+着；门开着。
《汉语水平等级标准与语法大纲》；甲036；动态助词：了、着、过、呢
《博雅汉语》初级起步篇II；第3课
《成功之路》顺利篇2；第16课；助词—动态助词“着1”我穿着白色T恤表示动作或者状态的持续，如：我现在只能这样坐着，或者在床上躺着
《成功之路》顺利篇2；；第16课；助词—动态助词“着2”我穿着白色T恤表示存在，如：手里拿着红色的手机。/两个箱子里都装着我在西安买的工艺品。
《成功之路》顺利篇2；第20课；助词—动态助词“着3”表动作的伴随喝着啤酒看世界杯“动词1+着+动词2”表示两个动作同时进行，前一个动作是后一个动作伴随的状态或进行的方式。如：这个笑着跟你说话的人是谁啊？那个蹲着拍照的人是山本。"
82,二级,词类,助词,语气助词,啊1、吧2、的2,"啊1
《高等学校外国留学生汉语言专业教学大纲》；一年级
《汉语水平等级标准与语法大纲》；甲039；叹词：啊、喂
《汉语水平等级标准与语法大纲》；甲037；语气助词：吗、呢、吧、啊、了
《高等学校外国留学生汉语言专业教学大纲》；三、四年级；1.啊（呀、哇、哪）
(1)用于是非问句中，表示说话人有些怀疑，不能完全肯定或觉得有些意外，请对方予以证实。
①今天上午是你给我打的电话呀？
②这就是亚运会游泳比赛馆哪？
(2)用于特指问句中，语气较随意、和缓、自然。
①这个地方你什么时候来过呀？
②咱们这儿哪位老师了解这个学生的情况啊?
(3)用于正反问句中，加强语气，有一定的感情倾向。
①这种情况服装店应该不应该给以赔偿啊？
②你到底想不想跟我们一起去呀？
(4)用于选择句中，含有询问究竟的语气。
①你是想跟他一起还是想跟我一起去啊？
②你去还是不去啊？
(5)用于反问句中，对原有的责问或不满的语气起舒缓的作用。
①你怎么能说你不知道这件事啊？
②这篇文章有什么好哇？
③我们不问你问谁呀？
(6)用于祈使句中，表催促，有时有不耐烦的语气。
①快走哇，时间不早了。
②你怎么不说了，说呀!
(7)用于祈使句中，表嘱咐，句子的语气和缓，殷切、诚恳。
①路上慢一点啊，小心汽车。
②中午一定要回来吃饭啊！
(8)用于祈使句中，表提醒。
①这件事你可别忘了啊!
②快点走吧，迟到啦(了+啊)！
(9)用于陈述句中，表肯定，说明的语气。
①那你们够辛苦的呀。
②我必须跟他解释清楚才行啊。
(10)用于陈述句中，表提醒。
①你这样做可是不太好哇。
②这件事可马虎不得，得好好儿想想啊。
(11)用于感叹句中，表感叹、赞美。
①汉语真难学啊！
②这里的环境真美啊!
(12)用于句中停顿，提醒对方注意。
①明天你要是不来呀，我可不答应。
②这件事呀，你可不能马马虎虎。
(13)用于句中停顿，表说话人犹豫思索。
①我呀，还没考虑好。
②这个人哪，让我怎么说呀。
(14)用于称呼，称谓语后，表示的语气诚恳、亲切、缓和。
①大姐呀，你一定要坚持住。
②小明啊，你可要好好学。
(15)用于并列成分后，表示列举。
①纸啊，笔啊，本子啊，买了好多。
②做饭啊，洗衣服啊，打扫房间啊，什么都干。
吧2
《HSK考试大纲》；二级；助词：吧1；这件衣服真漂亮，很贵吧？
《高等学校外国留学生汉语言专业教学大纲》；三、四年级；2.吧
(1)用于是非问句中，不单纯表示疑问，而包含一种揣测的语气。
即说话人已有估计，判断，待听话人证实。有时，也表示一种肯定的陈述。
①您就是王老师吧？
②刚才我讲的大家都明白了吧？
③这点道理，我想你不会不懂吧？
(2)用于正反问句中，含有要求或催促对方立即或尽快做出回答的语气。
①你说到底同意不同意吧？
②大家请发表意见，看这个方案行不行吧?
(3)用于特指问句中，含有要求对方表明态度的语气。
①你到底想干什么吧？
②你说这事应该怎么解决吧？"
83,二级,词类,助词,其他助词,的话、等,"的话
《博雅汉语》准中级加速篇I；第12课；固定表达……的话
等
《高等学校外国留学生汉语言专业教学大纲》；二年级；等"
84,二级,词类,叹词,,喂,"《HSK考试大纲》；一级；喂！你做什么呢？
《汉语水平等级标准与语法大纲》；甲039；叹词：啊、喂
《体验汉语》"
85,二级,短语,结构类型,基本结构类型,基本结构类型：（1）联合短语（2）偏正短语（3）动宾短语（4）动补短语（5）主谓短语,"联合短语
《高等学校外国留学生汉语言专业教学大纲》；二年级；封锁、供求、反正、收支、拍摄、美好、宽阔、连接、道路、居住
《汉语水平等级标准与语法大纲》；甲041；1.联合词组：工厂、商店、学校、老师和学生、我和他、红的和绿的、去或者不去
偏正短语
《高等学校外国留学生汉语言专业教学大纲》；二年级；偏正式；彩电、粗心、高温、国门、浑身、难题、私营、同步、新房、鲜花
《汉语水平等级标准与语法大纲》；甲042；偏正词组；大操场、英文课本、一件衣服、努力(地) 工作、劳动的时候
《汉语水平等级标准与语法大纲》；丁185；三 词的构成（一） 复合法 2.偏正式     
        真理 良心 （表示性质）
　　皮带 金牌 （表示质料）
　　电炉 火车 （表示动力）
　　脸盆 雨衣 （表示用途）
　　深情 痛恨 （表示程度）
　　阳光 眼泪 （表示领属）
　　晚饭 夏季 （表示时间）
　　黄油 红旗 （表示颜色）
动宾短语
《高等学校外国留学生汉语言专业教学大纲》；二年级；动宾式；关心、满意、结果、借口、惊人、决策、开头、失望、司机、超额
《汉语水平等级标准与语法大纲》；丙172；(四)动宾词组   2. 动宾词组（宾语）的语义分类:
   （1）表示受事
　　你们吃鱼，我们吃虾。
　　他每天下棋、打球。
　  （2）表示施事
　　家里来客人了。
　　前边椅子上躺着一个娃娃。
　　（3）表示结果
　　我会炸面包圈。
　　他会炒鱼香肉丝。
　　（4）表示处所
　　屋子太小，你坐床，小王坐凳子吧。
　　家里没人，他整天吃食堂。
　　（5）表示原因
　　他正在村里养病。
　　我在饭馆避雨。
　　（6） 表示工具
　　我饭量大，吃大碗。
　　作文的时候，要写钢笔。
　　（7） 表示凭借
　　他从小吃父母，直到现在。
　　他们的方针是：靠山吃山，靠水吃水。
　　（8） 表示方式
　　为了节约，我们吃包伙（bāo h uǒ）。
　　（9） 表示归类
　　我姓王，他姓李。
　　我属马，他属虎。
　　（10） 表示对象
　　我要请示上级。
　　今天我请你吃饭，明天你请我。
《汉语水平等级标准与语法大纲》；甲043；动宾词组；打电话、买东西、进教室、进行讨论、遇到困难
《汉语水平等级标准与语法大纲》；丁186；三 词的构成（一） 复合法 3.动宾式
    动员 出版 （动词）
　　司令 行政 （名词）
　　及时 切实 （形容词）
动补短语
《汉语水平等级标准与语法大纲》；丙170；（三）动（形）补词组  2. 动补词组两种值得注意的类别（1） 动结式
动结式词组由主要动词加上表示结果的动词或形容词构成
　　[据统计，作为动结式的第二成分的动词和形容词，最常用、最重要的依次有：完，好，成，走，动，掉，住，懂，给，坏，满，饱，通，破，死，了（l iǎo），着（zháo），长（cháng）；遍，透，断，光，等等]
　　（2） 动趋式
　　动趋式词组由主要动词加上表示趋向的动词构成。
　　[据统计，作为动趋式的表示趋向的第二成分的动词，最常用、最重要的依次有：上，下，进，出，回，过，起；上来，下来，进来，出来，回来，过来，起来；上去，下去，进去，出去，过去；开，开来，等等。]
主谓短语
《高等学校外国留学生汉语言专业教学大纲》；二年级；主谓式；眼熟、心爱、面向、地震、人造、亩产、年轻、民用、天生、眼看
《汉语水平等级标准与语法大纲》；甲045；主谓词组；腿疼、石头冷、学习紧张、精神愉快"
86,二级,短语,结构类型,其他结构类型,其他结构类型1：（1）“的”字短语（2）连谓短语,"“的”字短语
《HSK考试大纲》；二级；助词  “的”字短语我想买手机，你看这个红的怎么样？
《国际汉语教学课程通用大纲》；二级；结构助词“的”；（“的”字短语）名词/代词+的 形容词+的；这是玛丽的。/红的好看。
《汉语水平等级标准与语法大纲》；甲47；“的”字词组；中文的、老师的、蓝的、用的、卖菜的、我的、他们的
《汉语水平等级标准与语法大纲》；甲061；“的”字词组作宾语；我不喜欢酸的。/你要买什么样的？
《汉语水平等级标准与语法大纲》；；（八）“的”字词组语法功能
1. 作主语
　　参加联欢会的有工人、农民、干部、学生。
　　送报的来了没有？
2. 作宾语
　　我要灰的，不要紫的。
　　这是我的，那是老师的。
《汉语水平等级标准与语法大纲》；甲052；“的”字词组作主语；红的好看，蓝的不好看。/学汉语的都希望去中国。/你买的贵，我买的便宜。
《博雅汉语》初级起步篇I；第14课；“的”字结构“的”字词组
《成功之路》起步篇2；第23课；“的”字结构—“的”字短语；（1）“的”附在实词或词组后边“的”字短语，相当于一个名词。“的”字短语在句中可以作主语和宾语。（2）使用“的”字短语时，“的”字短语所指的人或事物必须是已知信息。
《发展汉语》初级上；第23课；“的”字结构；名词、代词、形容词、动词后面加“的”构成名词性结构，在句子中做主语或者宾语。如：我的。
《汉语教程》1上；“的”字词组；这是我爸爸的。
《体验汉语》
《新实用汉语教程》2
连谓短语
《汉语水平等级标准与语法大纲》；丙180；（十）连动词组语法功能
（1） 作谓语
今天他们坐火车去县城。
他们经常带人去送礼。
（2） 作主语
骑自行车旅游是一项很好的运动。
躺着看书对眼睛不好。
（3） 作宾语
我喜欢骑摩托车上班。
他反对出难题考学生。
（4）作定语
去那儿拍摄的人多极了。
今年去农贸市场做生意的农民最多。
（5）作补语
他累得躺在棚里睡着了。
她吓得扔下背包逃走了。
《汉语水平等级标准与语法大纲》；甲093；（四） 连动句（1）表示动作的连续：他们吃过晚饭散步去了。/十点钟，他就上床睡觉了。
（2） 表示动作的目的：下午我们去商店买东西。/你要那么多纸干什么？
（3） 表示动作的方式等：我明天坐飞机去广州。/他用铅笔写字。
（4） 表示动作的结果：他看了那封信高兴极了。/他出门丢了十块钱。
（5）前一个动词为“有”或“没有”：我有事找你。/他没有时间休息。"
87,二级,短语,功能类型,,名词性短语,《汉语水平等级标准与语法大纲》；甲048；名词或名词性词组；我的书、漂亮小姐、汉语水、一座桥、三本、那件
88,二级,短语,功能类型,,动词性短语,《汉语水平等级标准与语法大纲》；甲049；2.动词词组：坐车、写完、看得懂、走出来、慢慢说、可以看、去参观
89,二级,短语,功能类型,,形容词性短语,《汉语水平等级标准与语法大纲》；甲050；形容词词组；很舒服、非常高兴、大一点儿、容易得很
90,二级,短语,固定短语,其他,不一会儿,"《汉语水平等级标准与语法大纲》；乙036
《博雅汉语》准中级加速篇I；第7课"
91,二级,短语,固定短语,其他,什么的,《HSK考试大纲》；四级；我们去趟超市吧，明天出发玩得买点儿饼干、矿泉水、果汁什么的。
92,二级,短语,固定短语,其他,越来越,"《HSK考试大纲》；三级；天气越来越热了，夏天真的来了。
《汉语水平等级标准与语法大纲》；乙048
《博雅汉语》初级起步篇II；第13课；固定表达越来越+adj./V
《成功之路》顺利篇2；第18课；固定表达：越来越……；表示程度随着时间的推移而变化。如：我现在越来越苗条，也越来越健康了。/天气越来越冷了。
《发展汉语》初级下；第6课；固定表达：越来越+Adj./v；表示程度随着时间的发展而变化，这里的“V”一般是心理动词。如：越来越难。注意：“越来越”本身含有程度高的意思，所以句子中不能再用程度副词。如：她越来越漂亮。
《汉语教程》2下；我们学的课本越来越难。
《体验汉语》"
93,二级,固定格式,,,还是……吧,无
94,二级,固定格式,,,又……又……,"《HSK考试大纲》；三级；你看外面又刮风又下雨的，别出去了。
《博雅汉语》初级起步篇II；第11课
《成功之路》进步篇1；第1课；表示几个动作、状态或情况积累在一起。
《发展汉语》初级上；第31课；表示两种状态同时存在这种格式中间常填入两个形容词（也可以是两个动词)如：这个姑娘又漂亮又聪明。
《汉语教程》1下；那个箱子又小又旧。
《体验汉语》
《新实用汉语教程》3"
95,二级,固定格式,,,（在）……以前/以后/前/后,《汉语水平等级标准与语法大纲》；乙056
96,二级,句子成分,谓语,,名词、代词、数词、数量短语、名词性短语作谓语,《汉语水平等级标准与语法大纲》；甲058；名词、代词、数词或名词词组作谓语；今天星期天。/你最近怎么样？/他十八（岁），我二十（岁）。/我上海人，他北京人。
97,二级,句子成分,补语,结果补语,结果补语1：动词+错/懂/干净/好/会/清楚/完,"《HSK考试大纲》；一级；补语—结果补语：动词+会/好/见；他学会了做中国菜。/她做好饭了。/我没听见。
《国际汉语教学课程通用大纲》；三级；补语—结果补语：动词+完/好/在/到/给/懂/干净/会/……；吃完、准备好、放在
《发展汉语》初级上；第32课；结果补语—结果补语（1）；结果补语就是在动词后边加上形容词或动词，表示动作行为的结果，如：看到、打开。“动词+结果补语+（宾语）”表示由于动作行为的实施而产生相应的结果，如果要表达结果已经实现的意义，应该把“了”放在句子最后。如果说明动作的完成，“了”应该放在结果补语后边。如：我拿错了。动词后边有宾语的时候，宾语应该放在结果补语后边。如：我打开箱子。动词带结果补语，动作一般总是完成了的，所以否定形式一般用“没（有）+V+结果补语”，正反疑问形式一般用“V+结果补语+没有？”如：A：你们看见了吗？B：我们没（有）看见。本课中的结果补语有：（1）动词+到：看到、接到、收到。如：我收到了他的信。（2）动词+完：看完、学完等。如：你做完作业了吗？（3）动词+给：借给、送给等。如：我送给他一个礼物。（4）动词+开：打开、推开等。如：请大家打开书。（5）动词+见：看见、遇见等。如：昨天我看见了他。（6）动词+错：写错、记错等。如：我没有说错。（7）动词+好：准备好、说好等。如：晚饭做好了。注意：预期动作可能产生某种结果时，也可以用结果补语，只是用的时候，一定能用“了”。如：我吃完饭就去。"
98,二级,句子成分,补语,趋向补语,趋向补语1 简单趋向补语的趋向意义用法： （1）动词+来/去（2）动词+上/下/进/出/起/过/回/开,"《国际汉语教学课程通用大纲》；四级；补语趋向—补语简单趋向补语：动词+来/去；他出去了。
《博雅汉语》准中级加速篇I；第9课；趋向补语：动词+上
《成功之路》进步篇1；第1课；趋向补语：动词+上；表示动作开始并继续。表示人或事物随动作从低处到高处。表示通过某种动作，使物体的两个部分“合拢”在一起。表示通过某种动作使事物存在于某处。表示达到了目的。
《成功之路》进步篇1；第4课；表示动作涉及某人或某事物。"
99,二级,句子成分,补语,状态补语,状态补语1：动词+得+形容词性词语,"《汉语教程》1下；我每天起得很早。
《体验汉语》"
100,二级,句子成分,补语,数量补语,数量补语1：动词+动量补语,"《HSK考试大纲》；二级；这个电影我看了三次。
《国际汉语教学课程通用大纲》；四级；动词+数词+遍/趟；这本书我看过两遍。
《新实用汉语教程》2"
101,二级,句子成分,补语,数量补语,数量补语2：形容词+数量补语,无
102,二级,句子的类型,句型,单句,主谓句3：名词谓语句,"《HSK考试大纲》；一级；明天星期六。
《高等学校外国留学生汉语言专业教学大纲》；一年级
《国际汉语教学课程通用大纲》；一级；主语+年龄/钟点/星期/年/月/日/钱数；我20岁。
《汉语水平等级标准与语法大纲》；甲级；（二） 按谓语性质分类（“*”，参见“谓语”部分，不标号）（1） 动词谓语句；小张学习，小王工作。     /咱们一起想个办法。/我们汉语水平提高了。/他姓谢，叫谢文。/他是工人。（2） 形容词谓语句，谓语中不用“是”：今天很热。/这件衣服漂亮极了。      （3） 名词谓语句：明天星期天。/弟弟十三岁。/他黄头发，蓝眼睛。/你哪儿的？我北京的。 （4）主谓谓语句：他身体不太好。/这个饭店服务员态度不好。/烟我不抽了。/这个电影我看过了。/我衣服不想买了。/这种事情我不太感兴趣。
《尔雅中文》初级上（1）；第1课；名词谓语句句式总结（1）名词谓语句—名词谓语句是由名词、名词短语或数量短语等做谓语的句子，主要用来表达时间、年龄、数量等。肯定句不用“是”。如果表示否定，在名词谓语前加“不是”。
《汉语教程》1下；今天星期二。
《体验汉语》
《新实用汉语教程》1"
103,二级,句子的类型,特殊句型,“有”字句,“有”字句2：（1）表示评价、达到； （2）表示比较（见“比较句 2-（4）”）,"《高等学校外国留学生汉语言专业教学大纲》；二年级；表示达到：有的石头一块就有一千多公斤。/从我们学校到清华大学没有两公里。
《成功之路》起步篇2；第22课；“有”字句（3）；（1）表示“达到”，后面有数量词语，或者是“数量词语+形容词”。否定形式用“没”。S+（没）有+数量(Quantity)+(Adj)
（2）这种句子中，形容词一般是“大”“重”“高”等，不用“小”“矮”“轻”。
（3）询问是否达到某一数量或程度，用副词“多”。"
104,二级,句子的类型,特殊句型,存现句,存现句1：表示存在（1）处所+是（+数量短语）+名词（见“‘是’字句（3）”）（2）处所+有+数量短语+名词（见“‘有’字句1-（2）”）（3）处所+动词+着（+数量短语）+名词,"《HSK考试大纲》；一级；这里面是什么东西？/桌子上有一个苹果。

《高等学校外国留学生汉语言专业教学大纲》；一年级

《博雅汉语》初级起步篇II；第3课；存现句—存在句（1）

《成功之路》起步篇1；第8课；存现句—“有”字句（2）；（1）“有”字句可以表示“存在”。方位短语+有+存在的事物

否定式用“没有”，这时的宾语不能带数量定语。

《尔雅中文》初级上（2）；第19课；存现句：存现的表达—存现句表示事物或人存在的状态。

注意：

存现句一般为不确定的事物或人。

1.处所词 + V +着 + 物/人

2.处所词 + V + 趋向补语/结果补语 + 物/人

《发展汉语》初级下；第3课；存现句—存现句表示人或事物存在、出现或消失的句子。本课介绍三种情况：（1）表示存在。基本句式：处所+v（表存在的动词）+着+n。如：墙上挂着一幅画。（2）表示出现。句式：处所+v（表出现的动词）+了+n。如：前边来了一位老人。注意：宾语不能是特指的。（3）表示消失。句式：处所+（表消失的动词）+了+n如：我丢了100元钱。

《发展汉语》初级上；第13课；存现句—存在句（1）；方位短语+有+表示人或事物的词，用“有”表示存在，表示某处存在某人或某事物。如：前边有一个人。用”有”的句子和用“是”的句子的区别：（1）一般来说，在“是”字句里边，某个处所喝某人，某物是对应的，确定的，并且具有唯一性。如：我家旁边是书店。（2）用“有”的句子里，某处可以同时存在多个人或多个事物；而用“是”的句子里边表示某处一般只有确定的一个人或一个事物。如：超市前边是邮局。（3）在用“有”的句子里，表示事物的名词前边的定语可以是数量词语，也可以是形容词（如：很多、不少），但是不能是表示所属关系的代词（你、你们）。而在用“是”的句子里，表示事物的名词前边的定语可以是数量词语、表示所属关系的代词或形容词，如：学校里边有一个商店。

《发展汉语》初级上；第4课；存现句；动词“有”表示存在（1）肯定形式：S+有+O—图书馆有书、杂志和报纸。（2）疑问形式：S+有+O吗？—这儿有词典吗？（3）动词“有”的否定形式用“没”、不用“不”，形式是：S+没有+O—这儿没有词典。

《体验汉语》

《新实用汉语教程》2"
105,二级,句子的类型,特殊句型,连动句,连动句1：表示前后动作先后发生,"《高等学校外国留学生汉语言专业教学大纲》；一年级
《成功之路》起步篇1；第11课；连动句—连动句（1）；谓语由两个或两个以上动词构成，两个动词短语共用一个主语，这样的句子叫连动句。后一个动作表示前一个动作的目的。S+V1+（O1）+V2+（O2）
《汉语教程》1下；他明天去上海参观。
《体验汉语》"
106,二级,句子的类型,特殊句型,比较句,比较句2： （1）A比B +形容词+数量补语（2）A比B +更/还+形容词（3）A不如B（+形容词）（4）A有B（+这么/那么）+形容词,"（1）A比B +形容词+数量补语
《HSK考试大纲》；二级；A比B+形容词+具体差异；他比我大三岁。
《高等学校外国留学生汉语言专业教学大纲》；二年级；（九)比较句:A+比+B+多/少/早/晚+动词+数量词语
①他上午比我早来二十多分钟，下午晚走了一刻钟。
②因为他比我多穿一件衣服，所以他不觉得冷。
一般不说(× )“他比我来得早二十多分钟。”也不能说(×)“他比我穿多一件衣服。”
多、少、早、晚等也可以作谓语中心语，如:
①应该 9 点开门，可是今天早了5分钟。
②一班比二班多两个同学。
《发展汉语》初级下；第10课；比较句—比较句（5）基本句式：A+比+B+Adj.+数量词  意义：表示二者差别的具体量。如：姐姐比我大三岁。注意：数量词一定要在形容词后。
《体验汉语》；比较句—“比”字句中的补语
（2）A比B +更/还+形容词
《国际汉语教学课程通用大纲》；三级；比较句用“更”或“还”的比较句 A+比+B+更/还+形容词；他比姚明还高。
《汉语水平等级标准与语法大纲》；丙297；（六）比较句（三）3：带有“更、再、还”的比较句；
这块化石比那块更古老。
这种瓜子就是比那种再好，我也不要。
那批货物的质量已经够好了，可是这批比那批还好。
在中国没有比这种再好的科普刊物了。
整个北京城没有比我这儿的毛线更好的了。
《成功之路》起步篇2；第22课；比较句—“更”“最”表示比较；（1）都是副词，在句中作状语，表示比较。
（2）“更”：表示现在比原有的程度或情况又进了一步。
（3）“最”的意思是“超过同类”。
（4）“最”所比较的事物有时不出现。
《发展汉语》初级下；第10课；比较句—比较句（3）基本句式：A+比+B+还/更+Adj./动补  意义：在肯定B达到一定程度的基础上，强调A的程度更高。如：今天比昨天暖和（昨天可能不暖和)今天比昨天还暖和（昨天就挺暖和的，今天更暖和）"
107,二级,句子的类型,特殊句型,比较句,比较句3：（1）A跟B一样/相同（2）A跟B一样+形容词,"《HSK考试大纲》；三级；我们两家以前住得很近，就像一家人一样。/这件衣服的颜色跟我在网上看的不太一样。
《国际汉语教学课程通用大纲》；三级；比较句—等比句：A+跟/和+B（不）一样  A+跟/和+B（不）一样+形容词；我跟你不一样。
《尔雅中文》初级上（2）；第9课；比较句比较的表达（一）—
“……和/跟……一样”“A和/跟B……一样”表示比较的结果相同
“A和/跟B……不一样”表示比较的结果不同
A + 和/跟 + B 一样+ Adj/VO 
《发展汉语》初级上；第31课；比较句“跟……一样“和”跟……不一样”。“跟……一样”表示两种事物或两种情况没有差别；“跟……不一样”表示两种事物或两种情况不同。如：这本书跟那本书不一样。
《发展汉语》初级下；第9课；比较句—比较句（1）：（1）肯定式：A跟/和B一样（+adj/V） 表示A和B相同或在某个方面相同。如：今天和昨天一样冷。（2）否定式：A跟/和B不一样（+adj/V）A不跟/和B一样（+adj/V）如：弟弟跟我不一样高。（3）疑问式：A跟/和B一样（+adj/V）+吗？A跟/和B一样不一样 如：你弟弟跟你一样高吗？
《汉语教程》2上；比较句：跟……一样/不一样；小王跟小张一样大。
《体验汉语》"
108,二级,句子的类型,特殊句型,“是……的”句,“是……的”句1：强调时间、地点、方式、动作者,"《HSK考试大纲》；一级；强调时间；这些杯子都是昨天买的。
《HSK考试大纲》；一级；强调地点；我和我先生是在飞机上认识的。
《HSK考试大纲》；一级；强调方式；他是坐飞机来中国的。
《HSK考试大纲》；二级；强调施事；是张先生帮助我的。
《高等学校外国留学生汉语言专业教学大纲》；一年级
《高等学校外国留学生汉语言专业教学大纲》；二年级；(五）“是……的”句2：强调施事的；
（1）这套教材是张老师和王老师编写的，是去年 9 月出版的。
（2）他的照相机大概是他自己弄丢的。
《国际汉语教学课程通用大纲》；二级；“是……的”（强调时间、地点、方式）：强调时间；主语+是+时间+动词（+的）+宾语（+的）；我是昨天来的。
《国际汉语教学课程通用大纲》；二级；“是……的”（强调时间、地点、方式）：强调地点；主语+是+地点+动词（+的）+宾语（+的）；我是在北京认识刘老师的。
《国际汉语教学课程通用大纲》；二级；“是……的”（强调时间、地点、方式）：强调方式；主语+是+方式+动词（+的）+宾语（+的）；我是坐飞机来的。
《汉语水平等级标准与语法大纲》；甲095；（六）“是……的”当某一动作已过去实现或已完成，要强调动作的时间、处所、方式等，就用这种格式：
阿里是一年前来中国的。他是从农村来的。
小王是坐火车去的。
否定式：“不是……的”：他不是昨天到的。他不是从上海来的。他不是坐飞机来的。
《汉语水平等级标准与语法大纲》；丙289；（三）“是……的”句（三）（1）强调施事者。信是市长寄的。/ 那次会议是谁主持的？"
109,二级,句子的类型,特殊句型,双宾语句,（1）主语+动词+宾语1+宾语2 （2）主语+动词+给+宾语1+宾语2,"《国际汉语教学课程通用大纲》；二级；主语+给/送/找/借/教+间接宾语+直接宾语；玛丽给/送我一本书。
《汉语水平等级标准与语法大纲》；丙251；(一) 宾语3. 双宾语动词的语义类型；（1）我给他一瓶药水。/他送我一架照相机。
[这种类型的动词属于给予类，据统计，其中最常用的依次有：给、送、找、交、还、借（出）、卖、寄、退、发、要、让、递、付、喂、赔、奖、租、泼、灌、赠、罚等等。另外，像“欠、该、输”等也可划归此类。]
（2）借我一本刊物，明天还你。
     学校收每位军官一百块钱。
[这种类型的动词属于取得类，据统计，其中最常用的依次有：借（入）、收、买、学、拿、赢、骗、抢、偷、赚，等等]
（3） 每位学员可以问老师三个问题。
      我告诉老人家一个好消息。
[这种类型的动词属于述说类，据统计，其中最长用的依次有：问、告诉、回答、通知、教、报告、答应、骂、记、嘱咐。等等]
《汉语水平等级标准与语法大纲》；甲065；阿利送给老师一件礼物。/他教我英语，我教他中文。
《成功之路》起步篇2；第20课；双宾语句；一个谓语动词后面带有两个宾语的句子，通常一个宾语指人，一个指物。
《尔雅中文》初级上（1）；第2课；双宾语句句式总结（2）—双宾句：汉语有些动词可以带两个宾语，构成双宾语句。第一个叫间接宾语，一般指人；第二个叫直接宾语，一般指事物。可以带双宾语的动词有“给、送、找、教、叫、问、告诉”等。
《发展汉语》初级上；第19课；双宾语句；有的动词可以带两个宾语，前边的宾语是间接便于，一般是动作行为涉及的人或单位；后边的宾语是直接宾语，表示动作行为涉及的事物。可以带双宾语的动词并不多，主要有：给、问、教、送等如：他给我一本书。汉语可以带双宾语的动词很少，有些动词要用介词引出间接宾语。如：他给我写信。
《汉语教程》1下；我问老师一个问题。
《体验汉语》；给/找+双宾语
《新实用汉语教程》1；双宾语动词谓语句（1）：“给”、“送”"
110,二级,句子的类型,复句,承接复句,（1）不用关联词语（2）用关联词语：先……，再/然后……,"《国际汉语教学课程通用大纲》；三级；承接复句：先……，再……；我先做作业，再吃晚饭。
《HSK考试大纲》；三级；明天早上我先去银行，然后再去找你。
《博雅汉语》初级起步篇I；第13课；先……，然后……
《发展汉语》初级上；第15课；复句“先……，然后……”：动作或行为先后顺序的表达。“先……，然后……”表示动作或者行为一个发生在前，一个发生在后。“先”，副词，用在动词前表示事情发生得较早；“然后”，连词，用在一个句子的最前边，把前后两个句子连接起来，表示一件事发生以后，接着又发生另一件事。如：我先念课文，然后写汉字。
《成功之路》起步篇2；第18课；复句先……然后……；（1）表示承接关系的复句，由两个分句组成，两个分句的顺序不能颠倒。（2）有时可以不用“先”，只用“然后”。（3）“先”是副词，要用在主语后边，动词前边。
《汉语水平等级标准与语法大纲》；乙097；（二） 承接复句 先……然后…… ；你先去吃饭，然后再去电影院看电影。/每天傍晚，王夫人总是先去病房看一下，然后才回家。"
111,二级,句子的类型,复句,递进复句,（1）不用关联词语（2）用关联词语：……，更/还……；不但……，而且……,"《HSK考试大纲》；三级；复句—递进关系：不但……，而且……；现在的手机不但可以打电话，而且可以听音乐、上网、玩游戏。
《国际汉语教学课程通用大纲》；四级；递进复句：不但……，而且……；他不但会说英语，而且还会说汉语。
《成功之路》冲刺篇1；第2课；复句—递进复句；代际关系两个分句间为联合关系，后一分句的意思比前一分句更进一层，或者意思恰好相反。
《尔雅中文》初级上（1）；第12课；复句：关联词语“不但……而且……”连接递进复句，表示后一分局的意思更进一层。
S不但……，而且……
不但S1……，而且S2……
《博雅汉语》初级起步篇II；第13课
《成功之路》顺利篇2；第17课；连接两个并列的小句，第二个小句比第一个小句的意思更进一步。如：你不但网球打得好，而且游泳也很棒。
《发展汉语》初级下；第13课；第二个分句比前一个分句的意思更近一层。如：她不但不胖，而且有点儿瘦。注意“不但”“而且”的位置。如果两个分句有同一个主语，“不但”放在第一个主语之后，第二个分句主语省略；如果两个分句的主语不同，“不但”“而且”应分别放在两个分句主语之前。如：她不但不胖，而且有点儿瘦。不但父母喜欢他，而且朋友们也喜欢他。除了“不但……而且……”以外，“不但……还/也……”也可以表示递进的关系。如：不但你不想去，我也不想去。 
《汉语教程》2上；她不但喜欢唱歌，而且唱得不错。
《新实用汉语教程》2
《体验汉语》"
112,二级,句子的类型,复句,选择复句,（1）不用关联词语（2）用关联词语：（是）……，还是……,"《汉语水平等级标准与语法大纲》；甲级125；这次去广州你坐火车，坐飞机？/教我们汉语的是张老师，还是王老师？
《成功之路》冲刺篇1；第4课；两个或几个分句分别说出两种或几种可能的情况，让人任选其一。
《现代汉语高级教程》上；这件事是你做，还是他做，还是你们俩一起做？"
113,二级,句子的类型,复句,转折复句,（1）不用关联词语（2）用关联词语：虽然……，但是/可是……；……，不过……,"（1）不用关联词语
《汉语水平等级标准与语法大纲》；甲126；这次去饭店我们花钱不多，吃得不错。/他工作很忙，但是常常锻炼身体。/虽然他说去了，但是我不相信。
《成功之路》冲刺篇2；第8课；偏句叙述一个事实，正句没有顺着这个事实得出结论，却说出一个相反的事实，这样的复句叫转折复句。
（2）用关联词语：虽然……，但是/可是……
《博雅汉语》初级起步篇II；第12课
《成功之路》顺利篇1；第3课；我想租一套房子连接两个分句，表示转折关系，如：住学校宿舍虽然方便，但是房间太小了。
《尔雅中文》初级上（1）；第12课；“虽然……，但是……”连接转折复句，表示两个分句的意思完全独立。“虽然”可以省略。
《汉语教程》2上；外边虽然很冷，但是屋子里很暖和。
《新实用汉语教程》2
……，不过……
《汉语水平等级标准与语法大纲》；乙114；这东西好是好，不过跪了点儿。/不巧今天我还有点事，不过可以陪你们去玩一会儿。
《HSK考试大纲》；四级；这家餐厅的菜不便宜，不过味道确实不错。"
114,二级,句子的类型,复句,假设复句,（1）不用关联词语（2）用关联词语：如果……，就……；……的话，就……,"（1）不用关联词语
《成功之路》冲刺篇1；第3课；两个分句间为偏正关系，偏句提出假设，正句说明结果。
《现代汉语高级教程》上；一致关系：谁如果要鉴赏我国的园林，苏州园林就不该错过。相背关系：即使你亲自去，也解决不了什么问题。
（2）用关联词语：如果……，就……
《汉语水平等级标准与语法大纲》；乙111；如果他是你的朋友，就一定会帮助你。/如果不下雨，我就来。
《HSK考试大纲》；三级；如果一个人不相信自己，就很难把事情做好。
《国际汉语教学课程通用大纲》；三级；如果明天下雨，我们就不去了。
《新实用汉语教程》2
……的话，就……
无"
115,二级,句子的类型,复句,条件复句,只要……，就……,"《HSK考试大纲》；四级；只要我们真正努力过了，就不需要太关心结果。
《国际汉语教学课程通用大纲》；四级；只要明天天气好，我就出去玩儿。
《成功之路》进步篇2；第13课；用在表示条件的复句中。“只要”指出所需要的充足的条件，“就”引出的是在这个条件下就能产生的结果。
《尔雅中文》初级上（2）；第24课；复句：只要……，就…… ；“只要……，就……”表示在某种条件下产生某种结果。连词“只要”用在前一个表示条件的分句中，关联副词“就”用在后一个分句里表示结果。注意：“只要”表示的条件不是唯一的。可以是条件不同，但结果是相同的。
《新实用汉语教程》3"
116,二级,句子的类型,复句,因果复句,（1）不用关联词语（2）用关联词语：因为……，所以……,"（1）不用关联词语
《成功之路》冲刺篇1；第5课；两个分句间为偏正关系，偏句说出原因或理由，正句表示结果。
《现代汉语高级教程》上；由于他也是个爱好清净的人，所以我们有不少共同语言。
（2）用关联词语：因为……，所以……
《HSK考试大纲》；二级；因为天气冷，所以她没去游泳。
《国际汉语教学课程通用大纲》；二级；为下雨，所以我没去。
《尔雅中文》初级上（1）；第12课；“因为……，所以……”表示因果关系，一般前一个分句表示原因，后一个分句表示结果。
《发展汉语》初级下；第1课；因果复句表示由某种原因引起某种结果的复句。基本格式是：“因为……，所以……”。关联词语“因为”后面是原因，“所以”后面是结果。因果复句的两个关联词语可以同时出现，也可以只用一个，有时甚至两个都不用。如：他今天不舒服，所以没来上课。
《成功之路》顺利篇1；第7课；连接因果复句，如：因为我以前的同屋回国了，所以我找了个新同屋。
《汉语教程》2上；他因为病了，所以没有来上课。
《体验汉语》"
117,二级,句子的类型,复句,紧缩复句,一……就……,"《国际汉语教学课程通用大纲》；三级；他一下课就回家了。
《博雅汉语》初级起步篇II；第1课
《成功之路》顺利篇1；第12课；表示两个动作紧接着发生，如：你怎么一回到宿舍就上网啊？
《发展汉语》初级上；第28课；表示前一个动作发生以后马上就发生第二个动作。这两个动作可以是已经能够发生的动作，也可以是目前还没发生，但以后一定发生的动作。在“一……就……”格式中，“就”不能放在主语前边，应该放在主语后边、动词前边。
《汉语教程》2上；她一毕业就参加工作了。
《体验汉语》
《新实用汉语教程》3"
118,二级,动作的态,动作的态,持续态,动词+着 （1）表示状态的持续（2）表示动作的持续,"《高等学校外国留学生汉语言专业教学大纲》；一年级；65.动作或状态的持续:动态助词“着”及其否定式
《汉语水平等级标准与语法大纲》；甲118；（三） 持续态；用动态助词“着”表示，否定式用“没（有）……着”
（1） 表示状态的持续：灯一直亮着。她穿这一件新衣服。 雨不停的下。我们慢慢的在操场上走着。
（2）否定式一般是在动词前加副词“没（有）”：窗户开着吗？—没（有）开着。—开着呢。
《成功之路》顺利篇2；第16课；表示动作或者状态的持续，如：我现在只能这样坐着，或者在床上躺着。
《尔雅中文》初级上（2）；第17课；动作的进行状态的持续或动作的进行—V+着1. V +着；门开着。
《发展汉语》初级下；第1课；动态助词“着”，用在动词后表示状态或动作的持续，如果强调现在的状态，“着”往往与“正”“在”搭配，或者在句末用于其助词“呢”。有两种情况：（1）表示状态的持续，句子的主语往往是事物。如果主语是人，后面的动词往往是静态动词，如：“站、坐”等。如：门关着呢。（2）表示动作的持续，主语是人或动物。如：她正看着一本词典。否定式用“没（有）”如：A：窗户开着吗？B：没开着/没有。疑问式用“……吗？”或者“……没有？”如：他躺着吗？注意：宾语要放在“着”后面。
《体验汉语》"
119,二级,动作的态,动作的态,经历态,用动态助词“过”表示,《汉语水平等级标准与语法大纲》；甲120；（1）表示过去曾经发生这样的事情：我们去过长城。/这本书我读过，很有意思。 （2） 否定式是“没有……过”：我学过英语，没学过法语。/我没有去过西安。
120,二级,特殊表达法,数的表示法,,序数表示法,"《国际汉语教学课程通用大纲》；二级；序数词；第一、第二、第一名
《国际汉语教学课程通用大纲》；五级；甲、乙、丙、丁
《汉语水平等级标准与语法大纲》；甲015；序数；二年级、331路、14楼、6门、15号、2月5号、第一
《成功之路》起步篇2；第15课；“第”表示序数；（1）表示序数的词头。(2)与量词结合使用(3)“序数+量词”可以作名词的定语。不是所有的序数都用“第”表示。
《发展汉语》初级上；第13课；现代汉语里用“第”加上数字来表示序数，如：第一、第二、第三……序数可以跟量词一起使用，如：第一、第二……第一把。“序数+量词”可以用在名词前边做定语。如：第一个朋友。
《汉语教程》2上；第一次
《体验汉语》；“第”表示序数"
121,二级,特殊表达法,数的表示法,,概数表示法1： （1）数词+多+量词（2）数词+量词+多,"（1）数词+多+量词
《发展汉语》初级下；第27课；好几/多+量词，用来强调数量多，但表达的只是说话人的主观感受。如：我等了他好几个小时。
（2）数词+量词+多
《发展汉语》初级上；第18课；不需要精确的数量或者不知道精确数量的时候，可以用概数表示。用法：（1）用“多”表示概数，“多”有两个位置：a. 用在“十”“百”“千”等整数的后面、量词的前边。如：二十多个人。b. 数词有个位数时，用在量词的后边。如：二十一斤多。（2）用“几”表示概数，用在个位数上，后边是量词。如：几个人。（3）用两个相邻的数字表示概数。如：三四个小时。（4）用“左右”表示概数，“左右”用在数量词语的右边，表示与某一数值相差不远，略多或略少。如：一万人左右。"
122,二级,强调的方法,,,用“就”表示强调,"《汉语水平等级标准与语法大纲》；乙089；（一） 用副词“就”强调这就是我住的宾馆。
他家就在电影院东边。
大夫不让我出院，我就出院。
我就不相信我赶不上他。
《高等学校外国留学生汉语言专业教学大纲》；二年级；(四)用副词“就”表示强调
（1）你快来看，这就是我买的那张画儿。
（2）我就不同意他到那么远的地方去工作。
《成功之路》顺利篇1；第10课；“就”在句中还可以表示肯定客观事实或强调事实的确如此的意思。如：我就订这个航班的机票。"
123,二级,强调的方法,,,※“是……的”表示强调（见“是……的”句1和“是……的”句2）),"“是……的”句1
《HSK考试大纲》；一级；强调时间；这些杯子都是昨天买的。
《HSK考试大纲》；一级；强调地点；我和我先生是在飞机上认识的。
《HSK考试大纲》；一级；强调方式；他是坐飞机来中国的。
《HSK考试大纲》；二级；强调施事；是张先生帮助我的。
《高等学校外国留学生汉语言专业教学大纲》；一年级
《国际汉语教学课程通用大纲》；二级；“是……的”（强调时间、地点、方式）：强调时间；主语+是+时间+动词（+的）+宾语（+的）；我是昨天来的。
《国际汉语教学课程通用大纲》；二级；“是……的”（强调时间、地点、方式）：强调地点；主语+是+地点+动词（+的）+宾语（+的）；我是在北京认识刘老师的。
《国际汉语教学课程通用大纲》；二级；“是……的”（强调时间、地点、方式）：强调方式；主语+是+方式+动词（+的）+宾语（+的）；我是坐飞机来的。
《汉语水平等级标准与语法大纲》；甲095；（六）“是……的”当某一动作已过去实现或已完成，要强调动作的时间、处所、方式等，就用这种格式：
阿里是一年前来中国的。 他是从农村来的。 小王是坐火车去的。
否定式：“不是……的”：他不是昨天到的。他不是从上海来的。他不是坐飞机来的。
《汉语水平等级标准与语法大纲》；丙289；（三）“是……的”句（三）（1）强调施事者  信是市长寄的。/那次会议是谁主持的？
《汉语水平等级标准与语法大纲》；丙290；（三）“是……的”句（三）（2）强调全句的施事主语（即用“是”开头的“是……的”句）；是谁点的灯笼？/是省长作的情况介绍。
《成功之路》进步篇3；第27课；本课出现的“是……的”句与以前学过的强调已发生动作的时间、地点、方式等的“是……的”（1）不同，多用来表示说话人对主语的评议、叙述或描写，往往带有一种说明情况，想让听话人接受或信服的肯定语气。在这样的句子中，去掉“是……的”，句子一般也是成立的。
《成功之路》顺利篇1；第12课；表示对一个已经发生了的动作的相关信息进行强调，比如时间、地点、方式、对象、目的等，如：这些照片是在九寨沟拍的。
《尔雅中文》初级上（2）；第15课；强调的表达—是……的；用“是……的”强调已经完成动作的时间、地点或方式。“是”要放在索要强调部分的前面。在肯定句中，“是”可以省略。
“是……的”句2
 《汉语水平等级标准与语法大纲》；乙082；“是……的”句（二）这种格式多用来表示说话人的看法、见解和态度。“是”和“的”在句子中起肯定判断或加强语气的作用：
（1） 情况是会不断变化的。
      学习京剧是会遇到困难的，但是我不怕。
      这个问题是可以解决的。
（2）否定式是把“是……的”中间的部分改成否定形式：
      你的意见我是不能接受的。
      这类事情是不会发生的。"
124,二级,提问的方法,,,用“好吗/可以吗/行吗/怎么样”提问,"《汉语水平等级标准与语法大纲》；甲100；（二） 用“好吗、行吗、对吗、可以吗”等提问；我们一起去旅行，好吗？/自行车借我用用，行吗？/这个字这样写，对吗？/老师，我有事请几天假，可以吗？
《新实用汉语教程》1"
125,二级,提问的方法,,,用“什么时候、什么样、为什么、怎么样、怎样”提问,《汉语水平等级标准与语法大纲》；甲103；（五） 用疑问代词“谁、什么、哪儿、多少、几、怎么、怎么样”提问；谁是你们的汉语老师？/你叫什么名字？/你想去哪儿？/你们班有多少人？/你住几楼？/请问，去车站怎么走？/这个电影怎么样？
126,二级,提问的方法,,,用“呢”构成的省略式疑问句“代词/名词+呢？”提问,《汉语水平等级标准与语法大纲》；甲108；（十） 用语气助词“呢”提问；我们下星期去旅行，你呢？/阿里，你的车票呢？/要是他不同意呢？
127,二级,提问的方法,,,用“是不是”提问,"《发展汉语》初级上；第34课；用“是不是”提问的句子表示问话人对某事已经有了比较肯定的估计，但是需要得到别人的证实。“是不是”在句子中的位置很灵活，可以在句子最前边、谓语的前边或者句子末尾。用在句子末尾时，要用逗号“是不是”和前面隔开。如：你是不是放在别的地方了？
《体验汉语》"
128,二级,提问的方法,,,用“吧”提问,《汉语水平等级标准与语法大纲》；甲101；（三） 用语气助词“吧”提问；小王不来了吧？/你身体不太舒服吧？/你是美国人吧？
129,二级,口语格式,,,该……了,"《博雅汉语》初级起步篇II；第7课
《成功之路》进步篇2；第19课；理应如此/应当是/估计情况应该如此。
《体验汉语》"
130,二级,口语格式,,,要/快要/就要……了,"《HSK考试大纲》；二级；已经10点45了，我要回家了。/船还有十分钟就要开了，你朋友怎么还没到？
《高等学校外国留学生汉语言专业教学大纲》；一年级；85.动作的即将发生:“快要……了”“就要……了”
《汉语水平等级标准与语法大纲》；甲117；（二） 变化态（1）已经发生变化，用句尾语气助词“了”：天冷了，你要多穿（一）点儿衣服。/她的病好了。/大家都不说话了。/风停了，雨住了。/我现在是大学生了。（2）将要发生变化，用语气助词“了”或“要……了”“就要……了”“快要……了”“快……了”：上课了，快去教室。/要下雨了。/宴会就要开始了。/快要考试了，每天她都睡得很晚。/新年快到了。
《博雅汉语》初级起步篇I；第26课；固定表达—快/要/快要……了
《成功之路》顺利篇1；第9课；表动作行为即将发生，其中，“就要……了”强调时间更接近，更紧迫。如：快要/快期末考试了。
《尔雅中文》初级上（1）；第11课；固定表达—动作即将发生—“要……了”、“快……了”、“快要……了”、“就要……了”主要使用例句来举例。
注意：
“要”、“就要”前边可以加时间词或副词做状语。
《发展汉语》初级上；第26课；动作行为即将发生”要……了“”快……了“”就要……了“”快要……了“表示动作行为很快就要发生，但说话的时候还没有发生。其中”就要……了“”快要……了“强调时间紧迫，也就是说，说话的时间距离动作行为发生的时间更短，如：圣诞节快到了。注意：“就要……了”前边可以用具体的时间词语做状语。但是，“要……了”“快……了”“快要……了”前边不能有时间状语。
《体验汉语》"
131,三级,语素,前缀,,第-、老-、小-,"第—
《高等学校外国留学生汉语言专业教学大纲》；二年级；
（1）附加式前加，如:
阿—:阿哥 阿英 阿姨
老—:老李 老大 老虎
第—:第一 第二十三
初—:初二 初十小—:小李 小鬼
可—:可爱 可怕 可惜 可怜
（2）后加，如：
—子:椅子 本子 筷子
—儿:花儿 画儿 玩儿
—头：木头 里头 看头
—们:我们 同学们
—家:作家 画家 科学家
—员:运动员 售票员 职员
—长:厂长 校长 市长
—者:作者 记者 学者
—化:绿化 简化 现代化
—界:外界 艺术界 宗教界
—热:汉语热 经商热
《发展汉语》初级上；第13课；现代汉语里用“第”加上数字来表示序数，如：第一、第二、第三……序数可以跟量词一起使用，如：第一、第二……第一把。“序数+量词”可以用在名词前边做定语。如：第一个朋友。
《体验汉语》"
132,三级,语素,后缀,,-儿、-家、-们、-头、-子,"《高等学校外国留学生汉语言专业教学大纲》；二年级；
附加式前加，如:
阿—:阿哥 阿英 阿姨
老—:老李 老大 老虎
第—:第一 第二十三
初—:初二 初十小—:小李 小鬼
可—:可爱 可怕 可惜 可怜2.后加，如：
—子:椅子 本子 筷子
—儿:花儿 画儿 玩儿
—头：木头 里头 看头
—们:我们 同学们
—家:作家 画家 科学家
—员:运动员 售票员 职员
—长:厂长 校长 市长
—者:作者 记者 学者
—化:绿化 简化 现代化
—界:外界 艺术界 宗教界
—热:汉语热 经商热"
133,三级,词类,动词,能愿动词,敢,"《国际汉语教学课程通用大纲》；三级；我不敢去。
《汉语教程》3上；你敢不敢从这儿游过去？
《现代汉语高级教程》上；助动词“敢、肯、要”及其否定形式：敢；你既然问我，我怎么敢不实话实说呢？"
134,三级,词类,动词,能愿动词,需要,无
135,三级,词类,动词,离合词,动宾式离合词：帮忙、点头、放假、干杯、见面、结婚、看病、睡觉、洗澡、理发、说话,"《HSK考试大纲》；三级；睡觉、游泳、帮忙……；谢谢你们帮了我很多忙。
《高等学校外国留学生汉语言专业教学大纲》；一年级；97.动宾式离合词(小结):用介词“跟”、“给”“对”等引出受事
《国际汉语教学课程通用大纲》；二级；唱歌、跳舞、上班、考试、游泳他游了一次泳。
《国际汉语教学课程通用大纲》；三级；帮忙、见面、洗澡、生气、刷牙、上网请你帮我一个忙。
《国际汉语教学课程通用大纲》；四级；打折、道歉、鼓掌、减肥、理发、请假、请客、散步、握手、打几折、道个歉、鼓鼓掌
 《国际汉语教学课程通用大纲》；五级；吵架、划船、离婚吵了一架、划一会儿船
《国际汉语教学课程通用大纲》；六级；答辩、打架、打仗、捣乱、发财、发呆、发火、发誓、分手、化妆、敬礼、投票、做东、做主打了一架、发了一会儿呆、投了你一票
《汉语水平等级标准与语法大纲》；丁168；（十二） 离合词 把关
《汉语水平等级标准与语法大纲》；丁169；（十二） 离合词 吵嘴
《汉语水平等级标准与语法大纲》；丁170；（十二） 离合词 吹牛
《汉语水平等级标准与语法大纲》；丁171；（十二） 离合词 丢人
《汉语水平等级标准与语法大纲》；丁172；（十二） 离合词 发火
《汉语水平等级标准与语法大纲》；丁173；（十二） 离合词 分红
《汉语水平等级标准与语法大纲》；丁174；（十二） 离合词 搞鬼
《汉语水平等级标准与语法大纲》；丁175；（十二） 离合词 接班
《汉语水平等级标准与语法大纲》；丁176；（十二） 离合词 纳闷儿
《汉语水平等级标准与语法大纲》；丁177；（十二） 离合词 闹事
《汉语水平等级标准与语法大纲》；丁178；（十二） 离合词 撒谎
《汉语水平等级标准与语法大纲》；丁179；（十二） 离合词 说情
《汉语水平等级标准与语法大纲》；丁180；（十二） 离合词 谈天
《汉语水平等级标准与语法大纲》；丁181；（十二） 离合词 投标
《汉语水平等级标准与语法大纲》；丁182；（十二） 离合词 沾光
《汉语水平等级标准与语法大纲》；丁183；（十二） 离合词 值班
《汉语水平等级标准与语法大纲》；乙026；离合词：安心、帮忙、毕业、出院、担心、结婚、离婚、请客、生气、失业
《汉语水平等级标准与语法大纲》；丙级；二 词类—（十二）离合词； 报仇、操心、吃亏、出事、打架、带头、倒霉、订婚、灰心、加油、敬酒、叹气、用心、送礼
《成功之路》顺利篇1；第6课；离合词是指动宾结构的双音节动词，在使用时中间可以插入一些成分，一般不能带宾语，重叠形式一般为AAB式。如：下午去操场跑跑步、打打球。/他帮了我一个忙。
《尔雅中文》初级上（1）；第10课；学过的离合词：见面、考试、睡觉、跳舞、上网、游泳、聊天儿、加班、打针、看病、发烧。
离合词一般是双音节动词，它们有词的性质，也有某些分离的形式。离合词多为动宾结构，中间长插入其他成分。
V + 时量补语 + O
V + 动量补语 + O
V + 其他形式 + O
重叠形式：AAB
注意：
离合词后面不能直接带宾语。如：*见面朋友
《体验汉语》
《新实用汉语教程》3"
136,三级,词类,动词,离合词,动补式离合词：打开、看见、离开、完成,无
137,三级,词类,代词,疑问代词,疑问代词的非疑问用法 （1）任指用法 ①疑问代词+都……②疑问代词……疑问代词……（2）不定指用法,"（1）任指用法 
 ①疑问代词+都……
《国际汉语教学课程通用大纲》；四级；代词疑问代词的非疑句任指：疑问代词+都/也……  疑问代词……疑问代词……
虚指：什么/哪儿/谁/……他什么都不知道。
你吃什么我就吃什么。
你想吃点儿什么？
《发展汉语》初级下；第20课；疑问代词的引申用法（1）：疑问词表示任指，包括所有的、任何的，没有例外。句式：疑问代词+都/也+V，如：他哪儿都去过。（2）表示特指，在句子中重复使用同一个疑问词。如：什么好吃什么（吃最好的东西）。（3）表示不定指。如：你想吃点儿什么吗？第（3）类句子中的疑问词表示说不出来或者还不能确定的人或事物。与以前学过的特指疑问句最大的不同的是：含有引申义的“疑问句”的句子必须加“吗”；特指疑问句不带“吗”。如：A：你喜欢谁？B：我喜欢小王。
②疑问代词……疑问代词……
《国际汉语教学课程通用大纲》；四级；代词疑问代词的非疑句任指：疑问代词+都/也……  疑问代词……疑问代词……
虚指：什么/哪儿/谁/……他什么都不知道。
你吃什么我就吃什么。
你想吃点儿什么？
（2）不定指用法
《发展汉语》初级下；第20课；疑问代词的引申用法：（1）疑问词表示任指，包括所有的、任何的，没有例外。句式：疑问代词+都/也+V，如：他哪儿都去过。（2）表示特指，在句子中重复使用同一个疑问词。如：什么好吃什么（吃最好的东西）。（3）表示不定指。如：你想吃点儿什么吗？第（3）类句子中的疑问词表示说不出来或者还不能确定的人或事物。与以前学过的特指疑问句最大的不同的是：含有引申义的“疑问句”的句子必须加“吗”；特指疑问句不带“吗”。如：A：你喜欢谁？B：我喜欢小王。"
138,三级,词类,代词,指示代词,各、各位、各种、每、任何,"《汉语水平等级标准与语法大纲》；代词：某、如何、任何、人家、本（本市/本校/本人/本书）、自我
《国际汉语教学课程通用大纲》；四级；代词：各；名+量词/名词；各位、各国
《汉语水平等级标准与语法大纲》；其他代词：各、每、有的、有些、别人、别的、它、它们
《博雅汉语》准中级加速篇I；第13课；代词：任何
《成功之路》进步篇1；第12课；代词：任何；不论什么的意思。作定语。
《汉语教程》3下；学习任何外语都应该先把语音学好。"
139,三级,词类,量词,名量词,把、行、架、群、束、双、台、张、支、只、种,"《汉语水平等级标准与语法大纲》；甲019；个、位、本、件、种、斤、公斤、克、间、棵、课、张、把、只、条、口、米、公尺
《国际汉语教学课程通用大纲》；六级；磅、串、栋、副、枚、束、艘、枝、株、幢、组、番；一栋房子、一枚硬币
《国际汉语教学课程通用大纲》；三级；双、条、层、种、辆、位；一双鞋、一条河
《国际汉语教学课程通用大纲》；四级；朵、份、棵、台、页、只；一朵花、一份报纸
《国际汉语教学课程通用大纲》；五级；片、册、滴、顶、项、克、吨、幅、根、节、颗、粒、批、阵、支；一片云、一册书"
140,三级,词类,量词,动量词,顿、口、眼,"顿
《国际汉语教学课程通用大纲》；四级；场、顿；一场比赛、打他一顿
《汉语水平等级标准与语法大纲》；乙010；动量词：趟、顿
口
《汉语水平等级标准与语法大纲》；甲021；动量词：次、遍、回、下、口
眼
无"
141,三级,词类,量词,量词重叠,量词重叠：AA,"《HSK考试大纲》；二级；这个商店的衣服件件都很漂亮。
《国际汉语教学课程通用大纲》；三级；个个、条条、次次；他们班学生个个都很聪明。
《汉语水平等级标准与语法大纲》；丙093；动量词重叠：回回、次次、顿顿
《汉语水平等级标准与语法大纲》；甲020；名量词重叠：个个(都不错)、张张(笑脸)、条条(大路)、种种(事情)
《成功之路》顺利篇2；第19课；汉语的名量词和动量词都可以重叠，重叠后表示“每一”的意思，强调“所有的”、“全部”，后面常有副词“都”。如：这些照片张张都很漂亮。/我现在天天都打羽毛球。
《尔雅中文》初级下（2）；第10课；量词重叠以后，表示“每”的意思。如：个个，件件。数量词重叠常做状语，表示动作行为的方式。如：一趟一趟
《发展汉语》初级下；第25课；表示每一个、所有的、全部。如：他们个个都是好孩子。
《汉语教程》2上；这些照片张张都照得很好。
《汉语教程》2下；他们一步一步地走过来。"
142,三级,词类,副词,程度副词,比较、更加、还3、相当,"比较
《汉语水平等级标准与语法大纲》；乙013；程度副词：挺、极、白、比较、尤其、相当、稍/稍微、才（2）、更加
《汉语教程》3下；爸爸的身体比以前更加健康了。
还3
无
相当
《汉语水平等级标准与语法大纲》；乙013；程度副词：挺、极、白、比较、尤其、相当、稍/稍微、才（2）、更加
《博雅汉语》准中级加速篇I；第7课"
143,三级,词类,副词,范围、协同副词,光、仅、仅仅、就3、至少,"光
《汉语水平等级标准与语法大纲》；乙012；范围副词：到处、光、一同、一块儿、仅、仅仅
仅
《汉语水平等级标准与语法大纲》；乙012；范围副词：到处、光、一同、一块儿、仅、仅仅
《新实用汉语教程》6；其他词语例解：曾经、一度、以至、仅、其中、此外、随着、相关
仅仅
《汉语水平等级标准与语法大纲》；乙012；范围副词：到处、光、一同、一块儿、仅、仅仅
《新实用汉语教程》5；其他词语例解：所、到处、仅仅、于、甚至、有时、各种各样、多得多
就3
无
至少
《新实用汉语教程》5；其他词语例解：曾经、好（V）、满、十分、成、再也没/不、以上、至少"
144,三级,词类,副词,时间副词,本来、才2、曾经、从来、赶紧、赶快、立刻、连忙、始终、已、早已,"本来
《HSK考试大纲》；四级；我本来以为很简单，做起来才发现并不容易，很辛苦。
《高等学校外国留学生汉语言专业教学大纲》；二年级；本来
《体验汉语》
才2
《HSK考试大纲》；三级；小王昨天晚上看球赛，两点才睡觉。
《汉语水平等级标准与语法大纲》；时间副词：正、刚、常、常常、已经、正在、总(是)、才(1)、就(1)
《博雅汉语》初级起步篇II；第16课
《发展汉语》初级上；第21课；副词“才”的用法（2)；在本课中，“才”用在动词前边，表示事情发生得晚。如：我们七月才考试。与此用法类似的还有副词“就”，但是，“就”是表示事情发生得很快。如：做题就开始上课了。
《汉语教程》2上；我才到家。
曾经
《汉语水平等级标准与语法大纲》；乙011；时间副词：临、将、直、曾经、从来、始终、一时、先后、终于、往往、都（2）（现在都八点了。）、老（我老（是）见不到他。）、回头（回头见）
《博雅汉语》准中级加速篇I；第3课
《成功之路》进步篇2；第15课；从前有过某种行为或情况，说话的时候，这种行为或情况已经过去。
《汉语教程》3上；我曾经在这个大学学习过。
《新实用汉语教程》5；其他词语例解：曾经、好（V）、满、十分、成、再也没/不、以上、至少
《新实用汉语教程》6；其他词语例解：曾经、一度、以至、仅、其中、此外、随着、相关
从来
《HSK考试大纲》；四级；老张这个人一直很准时，开会从来不迟到。
《汉语水平等级标准与语法大纲》；乙011；时间副词：临、将、直、曾经、从来、始终、一时、先后、终于、往往、都（2）（现在都八点了。）、老（我老（是）见不到他。）、回头（回头见）
《博雅汉语》准中级加速篇I；第6课
《汉语教程》3上；他从来不抽烟不喝酒。
《体验汉语》
赶紧
无
赶快
无
立刻
无
连忙
《汉语水平等级标准与语法大纲》；乙011；时间副词：临、将、直、曾经、从来、始终、一时、先后、终于、往往、都（2）（现在都八点了。）、老（我老（是）见不到他。）、回头（回头见）
《博雅汉语》准中级加速篇I；第8课
《汉语教程》3上；听见敲门声，我连忙去开门。
《HSK考试大纲》；五级；他忽然发现自己没说清楚，于是连忙解释。
始终
《HSK考试大纲》；五级；他们始终朝着一个方向不断地努力。
《现代汉语高级教程》中；作为受害人，她始终不能原谅肇事者。
已
无
早已
无"
145,三级,词类,副词,频率、重复副词,通常、往往、总、总是,"通常
无
往往
《HSK考试大纲》；四级；女孩子们对衣服颜色的选择往往与她们的性格有关。
《博雅汉语》准中级加速篇I；第12课
《成功之路》进步篇2；第23课；某种情况经常出现或发生。
《汉语教程》3下；逢年过节我们一家往往要到奶奶家去。
《桥梁实用汉语中级教程》；他很忙，往往要工作到深夜。
《新实用汉语教程》5；其他词语例解：如此、好在、本、再三、颇、说道、东……西……、往往
总
《汉语水平等级标准与语法大纲》；甲023；时间副词：正、刚、常、常常、已经、正在、总(是)、才(1)、就(1)
总是
《国际汉语教学课程通用大纲》；三级；频率副词：一直、总是；主语+一直+动词（短语） 主语+总是+动词（短语）；他一直很努力。"
146,三级,词类,副词,关联副词,再2,《博雅汉语》初级起步篇II；第7课；副词V1再V2
147,三级,词类,副词,方式副词,互相、尽量、亲自、相互,"互相
无
尽量
《汉语水平等级标准与语法大纲》；乙014；语气副词：倒、准、到底、果然、千万、难道、究竟、恐怕、尽管、尽量、大约、差点儿、并（不/没）、决（不/没）、毫（不/没）、可（你可不能这么说）
《博雅汉语》准中级加速篇I；第16课
《汉语教程》3下；明天希望大家尽量早点儿来。
亲自
《汉语水平等级标准与语法大纲》；乙015；情态副词：亲自、亲手、渐渐、仍/仍然/仍旧、纷纷、一下子
《新实用汉语教程》5；其他词语例解：各自、如今、不知、便、亲自、真是、朝、竟然
相互
无"
148,三级,词类,副词,情态副词,大概、恐怕,"大概
无
恐怕
《HSK考试大纲》；四级；我刚刚接到通知，明天要出差，恐怕没时间和您见面了，很抱歉。
《汉语水平等级标准与语法大纲》；乙014；语气副词：倒、准、到底、果然、千万、难道、究竟、恐怕、尽管、尽量、大约、差点儿、并（不/没）、决（不/没）、毫（不/没）、可（你可不能这么说）
《博雅汉语》准中级加速篇II；第9课
《汉语教程》3上；她出国恐怕有五六年了。"
149,三级,词类,副词,语气副词,白、并1、当然、到底、反正、根本、果然、简直、绝对、难道、其实、千万、确实、只好、终于,"白
《汉语水平等级标准与语法大纲》；乙013；程度副词：挺、极、白、比较、尤其、相当、稍/稍微、才（2）
《博雅汉语》准中级加速篇II；第6课；副词—白+动词
《汉语教程》3上；这是白送给你的，不要钱。
并1
《HSK考试大纲》；四级；职业和专业并没有太大关系。
《汉语水平等级标准与语法大纲》；乙014；语气副词：倒、准、到底、果然、千万、难道、究竟、恐怕、尽管、尽量、大约、差点儿、并（不/没）、决（不/没）、毫（不/没）、可（你可不能这么说）
《汉语教程》3上；你说他笨，其实他并不笨。
《新实用汉语教程》5；其他词语例解：谢天谢地、勉强、原来、总而言之、因此/因而、并、只好、然而、不禁
当然
《国际汉语教学课程通用大纲》；三级；当然+动词（短语）/小句；我当然去。
到底
《汉语水平等级标准与语法大纲》；乙014；语气副词：倒、准、到底、果然、千万、难道、究竟、恐怕、尽管、尽量、大约、差点儿、并（不/没）、决（不/没）、毫（不/没）、可（你可不能这么说）
《博雅汉语》准中级加速篇II；第12课
《成功之路》进步篇2；第16课；用在疑问句中，进一步追究。
《汉语教程》3下；明天你到底来不来？
反正
《汉语水平等级标准与语法大纲》；丙015
《汉语教程》3下；不管你们去不去，反正我去。
《新实用汉语教程》6；其他词语例解：死活、反正、大多、两下子、不时、当初、巴不得、连同
根本
《HSK考试大纲》；五级；要带的东西太多了，这个行李箱根本装不下。
《博雅汉语》准中级加速篇I；第7课
《汉语教程》3上；今天的会根本没通知我。
果然
《HSK考试大纲》；五级；南方的气候果然比较湿润，我们西安就很少下这么大的雨。
《汉语水平等级标准与语法大纲》；乙014；语气副词：倒、准、到底、果然、千万、难道、究竟、恐怕、尽管、尽量、大约、差点儿、并（不/没）、决（不/没）、毫（不/没）、可（你可不能这么说）
《汉语教程》3上；天气预报说今天有雨，果然下起来了。
简直
《HSK考试大纲》；五级；他说汉语说得简直像中国人一样。
《高等学校外国留学生汉语言专业教学大纲》；二年级；简直
《汉语水平等级标准与语法大纲》；丙097
《成功之路》进步篇2；第20课；强调完全或差不多如此，有夸张语气。
《汉语教程》3下；我简直不相信这是真的。
绝对
《高等学校外国留学生汉语言专业教学大纲》；二年级；绝对"
150,三级,词类,介词,引出时间、处所,由1,"《HSK考试大纲》；四级；长江是亚洲第一长河，全长6300多公里，由西而东，经过11个省市，最后流入大海。
《国际汉语教学课程通用大纲》；四级；由+起点；由南向北
《博雅汉语》准中级加速篇II；第7课"
151,三级,词类,介词,引出时间、处所,自从,"《国际汉语教学课程通用大纲》；五级；自从+时间/动词短语；自从来到北京、自从2009年
《汉语水平等级标准与语法大纲》；乙017
《博雅汉语》准中级加速篇I；第16课"
152,三级,词类,介词,引出方向、路径,朝,"《HSK考试大纲》；五级；请问去国家博物馆是朝这个方向走吗？
《HSK考试大纲》；五级；小狗朝他摇了摇尾巴。
《国际汉语教学课程通用大纲》；五级；朝+名词；朝前走。
《汉语水平等级标准与语法大纲》；甲028
《新实用汉语教程》5；其他词语例解：各自、如今、不知、便、亲自、真是、朝、竟然"
153,三级,词类,介词,引出对象,为2,"《国际汉语教学课程通用大纲》；三级；主语+为+名词+动词（短语）；不要为我担心。
《汉语水平等级标准与语法大纲》；甲029；引出对象：对、跟、和、比、为、给
《高等学校外国留学生汉语言专业教学大纲》；二年级；为"
154,三级,词类,介词,引出对象,向2,"《HSK考试大纲》；三级；对不起，我忘了向你介绍，她是我大学同学，叫小米。
《汉语水平等级标准与语法大纲》；乙018；介词—引出对象：替、向、将、对于、关于、就（2）"
155,三级,词类,介词,引出目的、原因,由于1、因为,"由于1
《汉语水平等级标准与语法大纲》；乙020；介词—引出原因，目的：由于
《博雅汉语》准中级加速篇I；第3课
《成功之路》进步篇3；第27课；（1）介词，表示原因。（2）连词，在表示因果关系的复句里表示原因。
《尔雅中文》初级下（2）；第15课；表示原因，因为。但在“由于……，因此……”中，“由于”不能换成“因为”。
《汉语教程》3上；由于生病，他晚来了十多天。
《桥梁实用汉语中级教程》；这次比赛由于裁判的失误，结果是不公正的。
因为
《汉语水平等级标准与语法大纲》；甲030；引出目的、原因：为、为了"
156,三级,词类,介词,引出目的、原因,为了,"《HSK考试大纲》；三级；为了这次比赛，姐姐准备了一个多月，希望她能拿到好成绩。
《国际汉语教学课程通用大纲》；三级；为了……+小句；为了解决环境问题。
《汉语水平等级标准与语法大纲》；甲030；引出目的、原因：为、为了
《博雅汉语》初级起步篇II；第6课
《博雅汉语》准中级加速篇I；第6课
《成功之路》进步篇2；第13课；为了……，……；介词，表示目的。
《尔雅中文》初级下（1）；第3课；表示动作行为的目的或动机。
《发展汉语》初级上；第35课；“为了”的用法；“为了……”表示动作行为的目的。“为了……”和后边的句子常常用逗号隔开。如：为了安全，他不坐飞机，而坐火车回来。
《汉语教程》3上；为了种树，几年来他们就吃住在山上。"
157,三级,词类,介词,引出施事、受事,把、被、叫、让,《汉语水平等级标准与语法大纲》；甲031；引出施事：把、被、叫、让
158,三级,词类,介词,表示排除,除了,"《HSK考试大纲》；三级；这次的考试，我们班除了马明没来，其他39个人都参加了。
《HSK考试大纲》；三级；除了春节，中秋节也是中国人很重要的一个节日。
《国际汉语教学课程通用大纲》；三级；除了……（以外）都/也/还……；除了他（以外）我们都去。
《汉语水平等级标准与语法大纲》；甲032；表示排除和加合：除了 ……、除了……以外"
159,三级,词类,介词,引出凭借、依据,按、按照,"按
《高等学校外国留学生汉语言专业教学大纲》；二年级；按
《桥梁实用汉语中级教程》；对方提出按年龄分组。
按照
《HSK考试大纲》；四级；请把这些报纸按照时间顺序排好。
《国际汉语教学课程通用大纲》；四级；按照……动词（短语）/小句按照我说的做。
《汉语水平等级标准与语法大纲》；乙019；引出凭据，凭借根据
《博雅汉语》准中级加速篇II；第8课
《汉语教程》3上；希望大家按照老师的要求做。"
160,三级,词类,连词,连接分句或句子,并且、不光、不仅、另外、要是、因此、由于2、只有,"并且
无
不光
无
不仅
无
另外
《成功之路》进步篇1；第3课；指上文所说范围之外的人和事。连词， 除了这个以外的意思。
《发展汉语》初级上；第31课；用来连接句子或段落，表示除了上面所说的以外，还有别的。使用的时候，用逗号跟后边的句子隔开。
《现代汉语高级教程》中；这本书你拿去看吧，我另外还有一本。
要是
《发展汉语》初级上；第26课；“要是”的用法；“要是”常用在口语中。“要是……，……”这个格式，前面的句子“要是……”表示假设的条件，后面的句子表示在某种条件下或某种情况下得出的结论。“要是”常常跟“就”“那么”“那”连用。如：要是你有时间，请来我家玩儿。
《汉语水平等级标准与语法大纲》；甲034；连接分句：虽然、但是、要是、所以、可是、还是、但、而且、只好
因此
《博雅汉语》准中级加速篇I；第15课
《成功之路》进步篇2；第23课；因为这个。用在因果复句的后一个分句中，表示结果。前一小句里有时可以用“由于”。
《新实用汉语教程》5；其他词语例解：谢天谢地、勉强、原来、总而言之、因此/因而、并、只好、然而、不禁
由于2
《HSK考试大纲》；四级；复句—因果关系：由于……，（因此）……；由于家里的老人突然生病了，因此他们只好放弃了旅游计划。
《汉语水平等级标准与语法大纲》；乙117；（九） 因果复句  由于…… ；由于他平时不好好学习，毕业考试没有通过。由于他每天锻炼，他的发音特别好。
《现代汉语高级教程》上；因果复句；由于他也是个爱好清净的人，所以我们有不少共同语言。
只有
无"
161,三级,词类,拟声词,,哈哈,《汉语水平等级标准与语法大纲》；甲040；象声词哈哈
162,三级,短语,结构类型,其他结构类型,其他结构类型2：（1）介宾短语（2）方位短语（3）兼语短语（4）同位短语,"1.介宾短语
《汉语水平等级标准与语法大纲》；429丙177；（七）介宾词组  2.介宾词组的语义分类
（1） 表示空间（处所、起点、方向）
　　不要在走廊里喊叫。
　　我们今天从小路去港口。
　　你们由这儿拐弯向北走。
　　（2） 表示时间
　　今天从一点开始航行。
　　在出发之前不要开饭。
　　当我去的时候，他们正在大合唱。
　　（3） 表示范围
　　在这个集体里学习我们感到很快活。
　　在朋友当中生活，他觉得很有意义。
　　在中国历史上第一次出版这种读物。
（4） 表示对象
　　跟小王打交道你要小心。
　　他对别人跟对家人一样好。
　　关于这所房屋的价钱，我们还要再讨论。
（5） 表示目的
　　为了建成发电站大家要齐心协力。
　　大家表示为改变家乡的面貌而努力奋斗。
　　为着适应生产力的发展，一定要进行改革。
（6） 表示原因
　　由于受天气影响，卫星不能按时发射了。
　　这种是由感冒引起的。
　　工程计划由于种种原因而有所变动。
（7） 表示方式/依据
　　你按他的法子去化验吧。
　　依你的意见去做肯定更费力。
　　根据观众要求又放了一部新电影。
（8） 表示比较
　　哥哥比弟弟更能吃苦。
　　他饿得一天比一天瘦了。
　　他工作较前更努力了。
（9） 表示排除
　　除他之外，大家从来不吵架。
　　除了吃饭、睡觉，他都在伺候老人。
《汉语水平等级标准与语法大纲》；428丙176；（七）介宾词组
1.介宾词组的语法功能
（1） 作状语
　　我对于雕刻一点都不懂。
　　你把豆浆喝完再走。
　　他们就两国关系进行了友好的谈话。
（2） 作定语
　　这是对他的关心。
　　从那以后的日子里，他一直很快活。
（3） 作补语
　　他生于一九一八年。
　　我们从胜利走向胜利。
《汉语水平等级标准与语法大纲》；甲046；介宾词组：在学校(学习) 向前(走) 为大家(服务) 把他(叫来)
2.方位短语
无
3.兼语短语
《汉语水平等级标准与语法大纲》；433丙181；（十一）兼语词组
语法功能
（1）作谓语
　　老师让我们去做模型。
　　她怪我来得太晚了。
（2）作主语
　　找他来是愚蠢的。
　　请他来作报告不是很容易的
（3） 作宾语
　　省长决定派一个代表团出国学习。
　　我主张请孙教授来给运动员上课。 
（4）作定语
　　他问了一个叫人摸不着头脑的问题。
　　许多让人感到为难的事他都能解决。
（5） 作补语
　　她哭得叫人真伤心。
　　这个故事发生得让人感到非常突然。
4.同位短语
　　无"
163,三级,短语,结构类型,,数量重叠：数词+量词+数词+量词,"一、三、四、五、六、七、八、九
《国际汉语教学课程通用大纲》；一级；数词：基数词1～99；我爸爸66岁。
《汉语水平等级标准与语法大纲》；丁093；（五） 数词 壹 贰 叁 肆 伍 陆 柒 捌 玖 拾
二/两
 《国际汉语教学课程通用大纲》；一级；二/两+度量衡单位+名词 两+一般量词+名词；二斤苹果、两件衣服
《高等学校外国留学生汉语言专业教学大纲》；一年级；
《发展汉语》初级上；第9课；数量“二”和“两”的区别：（1）“2”在号码中，读作“二”。（2）“2”出现在个位或十位上时，读作“二”，如：二十二。（3）“2”出现在“百、千、万、亿”前边时读作“二”或“两”都可以。（4）“两”可以放在所有的度量衡单位前边，如：两个、两本、两张；“二”只有在个别表示重量、长度等单位的前边才能用，如：二斤。
《博雅汉语》初级起步篇I；第9课；
《体验汉语》；
零
《高等学校外国留学生汉语言专业教学大纲》；一年级；
十、百、半
《汉语水平等级标准与语法大纲》；甲014；基数：零 0 一 十 百 千 万 二 两 半
 《国际汉语教学课程通用大纲》；二级；数词—基数词：百、千、万、一万、五千、八百
《高等学校外国留学生汉语言专业教学大纲》；二年级；“个、十、百、千、万”，“万”以上以“万”为单位，四位一级，即在阿拉伯字码数列上从个位开始，向左数每四位数可用逗号与前面隔开。
“万万”为“亿”，“亿”以上，以“亿”为单位。如:5726，4832，9803 读作五千七百二十六亿，四千八百三十二万，九千八百零三。
在一个数字中间，不论有几个零，都只读一个。如:20050 读作两万零五十；20005 读作两万零五。
《发展汉语》初级上；第9课；数字的读法：汉语中的数字是“十进位”制。如：十（10），百（100），一，二，三，一百零一。注意：（1）数字“2”在百、千、万前边可以读成“两”，也可以读成“二”，其他都读“二”。如两千两百一十（二千二百一十）。（2）数字中间有零的时候，不管中间有几个零，都读一个零。如：一百零一（101）。（3）百位数后边的十位数的“十”一定要读“一十”，不能读“十”，110读“一百一十”。"
164,三级,短语,固定短语,四字格,不A不B,"《博雅汉语》初级起步篇I；第11课
《发展汉语》初级下；第3课；副词：不A不B；（1）“A、B”代表一对意义相对或相关的形容词时，“不A不B”表示程度在两者之间，适中的。如：不大不小。（2）”A、B”表示已对意义相关的动作时，“不A不B”表示两者都不做。如：不吃不喝。"
165,三级,短语,固定短语,其他,看起来,"《汉语水平等级标准与语法大纲》；丁306
《汉语教程》3上；天阴得厉害，看起来要下雨了。
《体验汉语》"
166,三级,短语,固定短语,其他,看上去,"《成功之路》进步篇1；第1课；插入语，表示从外表估计。
《汉语教程》3下；那个人看上去有三十岁。
《新实用汉语教程》6；其他词语例解：正如、并非、看上去、一连、生怕、容下、直至、至此"
167,三级,短语,固定短语,其他,有的是,《汉语水平等级标准与语法大纲》；乙043
168,三级,固定格式,,,除了……（以外），……还/也/都……,"《国际汉语教学课程通用大纲》；三级；除了……（以外）都/也/还……；除了他（以外）我们都去。
《尔雅中文》初级上（2）；第15课；固定表达—除了……（以外）：（1）……除了……（以外），……都……：排除特殊，强调一致。（2）除了……（以外），……也/还……：排除已知，补充其他。
《发展汉语》初级下；第22课；固定表达—除了……（以外），……；这种结构有两个意思完全不同的句型。（1）除了……（以外），……都……，这个句型表示排除。如：除了他（以外），别人都不会法语。（2）除了……（以外），……也/还……，这个句型表示添加。如：除了我（以外），他也喜欢足球。
《汉语教程》2下；除了……以外，都/还……除了玛丽以外，全班同学都来了。
《体验汉语》
《新实用汉语教程》3"
169,三级,固定格式,,,从……起,《HSK考试大纲》；四级；从去年5月起，他就每天坚持运动一个小时。
170,三级,固定格式,,,对……来说,"《HSK考试大纲》；三级；对我来说，健康是最重要的。
《汉语水平等级标准与语法大纲》；丙227
《成功之路》进步篇3；第28课；当听到别人的赞扬时表示从某人或某事的角度来看。
《发展汉语》初级下；第22课；“对……来说”这个格式表示从某人、某事物的角度（来看待事情、提出看法）。如：对学生来说，学习重要。
《汉语教程》3上；对我来说，北京已经成了第二家乡。"
171,三级,固定格式,,,像……一样,无
172,三级,固定格式,,,越……越……,"《HSK考试大纲》；三级；汉语越学越有意思。
《国际汉语教学课程通用大纲》；三级；身体越不好越要锻炼。
《汉语水平等级标准与语法大纲》；乙122；老头子越老越糊涂了。/身体越不好越要加强锻炼。
《博雅汉语》初级起步篇II；第22课
《成功之路》顺利篇2；第20课；表示后者随前者的变化而变化。如：下半场韩国队越踢越好。我越看越着急，越看越生气。
《汉语教程》2下；他的汉语越说越好。
《体验汉语》
《新实用汉语教程》3"
173,三级,句子成分,主语,,动词或动词性短语、形容词或形容词性短语作主语,"《高等学校外国留学生汉语言专业教学大纲》；一年级；82.动词性短语、形容词性短语和主谓短语作主语(小结)
《汉语水平等级标准与语法大纲》；甲053；动词、动词词组作主语；笑对人的身体有好处。/吃一点儿没关系。/爬山很有意思。
《汉语水平等级标准与语法大纲》；甲054；形容词、形容词词组作主语；暖和对他的身体有好处。/着急有什么用？/太冷了不好，太热了也不好。
《高等学校外国留学生汉语言专业教学大纲》；二年级；主谓短语、动词或形容词、动词性短语或形容词性短语作主语，多出现在“是”字句、“是…的”句、形容词谓语句、主谓谓语句，兼语句等句式中。如：
（1）在这个时候，头脑冷静最重要。
（2）钓鱼是他的业余爱好。
（3）让两个人完成四个人的任务是不可能的。
（4）经常参加各种体育锻炼能使你保持年轻、健康。
（5）冷还行，热我可受不了。"
174,三级,句子成分,宾语,,动词或动词性短语、形容词或形容词性短语和主谓短语作宾语,"《高等学校外国留学生汉语言专业教学大纲》；一年级
《汉语水平等级标准与语法大纲》；丙173；（五）主谓词组 1.主谓词组（小句）的语法功能
（1）作宾语
　　我知道会议闭幕了。
　　大家觉得这条标语不好。
　　老师说裁判裁判不公。
（2）作主语
　　你们吵架让人笑话。
　　我说汉语是因为你是中国人。
（3）作谓语
　　上午的会议气氛紧张。
　　他眼睛大，鼻子小。
（4）作定语
　　你发表的看法很有价值。
　　商店陈列的物品都是旧的。
（5）作状语
　　他心事沉重地说：“看来问题严重了。”
　　他心情沉重地拍了拍我的肩膀，走了。
（6）作补语
　　大家都笑得肚子疼。
　　他气得大家都走了。
《汉语水平等级标准与语法大纲》；丙250；(一) 宾语 2. 主谓词组作宾语 
    我知道他没交税。
    老师说他没申请。
    人们都觉得这是高潮。
    [据统计，可带主谓词组（小句）作宾语的最常用的动词依次有：知道、说、觉得、想、看见、看、听、见、以为、听说、怕、希望、晓得、记得、认为、等等]
《汉语水平等级标准与语法大纲》；丙249；(一) 宾语1. 动词、动词词组、动宾词组作宾语 
    大伙儿齐声说去。
    我早就知道猜不准。
    我女儿最爱猜谜语。
[据统计，可带动词、动词词组、动宾词组作宾语的最常用动词依次为：说、知道、像、怕、觉得、想、习惯、看、善于、忘、不觉、打算、不如、决定、算、希望、以为、继续、见、提、等等]
《汉语水平等级标准与语法大纲》；甲064；主谓词组作宾语；我希望你明年再来。/你觉得他怎么样？/我看见小王去图书馆。"
175,三级,句子成分,定语,,动词或动词性短语、主谓短语作定语,"《HSK考试大纲》；二级；动词结构作定语；我丈夫新买的红茶，你来一杯？
《高等学校外国留学生汉语言专业教学大纲》；一年级；53.动词性短谞、形容词性短语和主谓短语作定语(小结)序号1
《汉语水平等级标准与语法大纲》；丙171；(四)动宾词组 1. 动宾词组的语法功能
   (1) 作谓语
　　我兑换美元。
　　(2) 作主语
　　学习语文必须认真。
　　办理护照到那个办公室。
　　(3) 作宾语
　　大家都说去博物馆。
　　我爱看小说。
　　(4) 作定语
　　参观蝴蝶展的人多极了。
　　广场上到处是跳交际舞的人。
　　(5) 作状语
　　他们充满信心地说：“保证完成任务。”
　　他紧紧地抱着我说：“祝你一路顺风！”
　　(6) 作补语
　　他高兴得流出了眼泪。
　　他累得吐血。
《汉语水平等级标准与语法大纲》；丙173；（五）主谓词组 1.主谓词组（小句）的语法功能
（1）作宾语
　　我知道会议闭幕了。
　　大家觉得这条标语不好。
　　老师说裁判裁判不公。
　　（2）作主语
　　你们吵架让人笑话。
　　我说汉语是因为你是中国人。
　　（3）作谓语
　　上午的会议气氛紧张。
　　他眼睛大，鼻子小。
　　（4）作定语
　　你发表的看法很有价值。
　　商店陈列的物品都是旧的。
　　（5）作状语
　　他心事沉重地说：“看来问题严重了。”
　　他心情沉重地拍了拍我的肩膀，走了。
　　（6）作补语
　　大家都笑得肚子疼。
　　他气得大家都走了。
《汉语水平等级标准与语法大纲》；甲068；动词、动词词组作定语；今天参观的人真不少。/参加晚会的同学都来了。
《汉语水平等级标准与语法大纲》；甲069；主谓词组作定语；阿里写的汉字很整齐。/小王讲的故事很有意思。
 《成功之路》顺利篇1；第3课；定语动词或动词短语作定语；V/VP+的+N/NP，如：去我住的小区看看吧。
《汉语教程》2上；主谓词组作定语；你要的那本书我给你买来了。
《体验汉语》"
176,三级,句子成分,补语,结果补语,结果补语2：动词+到/住/走,"《成功之路》进步篇1；第9课；动词“到”可以用在别的动词后面， 做补语，表示动作达到目的或者有了结果。表示人或物随动作到达某个地方。
《发展汉语》初级上；第32课；结果补语—结果补语（1）；结果补语就是在动词后边加上形容词或动词，表示动作行为的结果，如：看到、打开。“动词+结果补语+（宾语）”表示由于动作行为的实施而产生相应的结果，如果要表达结果已经实现的意义，应该把“了”放在句子最后。如果说明动作的完成，“了”应该放在结果补语后边。如：我拿错了。动词后边有宾语的时候，宾语应该放在结果补语后边。如：我打开箱子。动词带结果补语，动作一般总是完成了的，所以否定形式一般用“没（有）+V+结果补语”，正反疑问形式一般用“V+结果补语+没有？”如：A：你们看见了吗？B：我们没（有）看见。本课中的结果补语有：（1）动词+到：看到、接到、收到。如：我收到了他得信。（2）动词+完：看完、学完等。如：你做完作业了吗？（3）动词+给：借给、送给等。如：我送给他一个礼物。（4）动词+开：打开、推开等。如：请大家打开书。（5）动词+见：看见、遇见等。如：昨天我看见了他。（6）动词+错：写错、记错等。如：我没有说错。（7）动词+好：准备好、说好等。如：晚饭做好了。注意：预期动作可能产生某种结果时，也可以用结果补语，只是用的时候，一定能用“了”。如：我吃完饭就去。
《成功之路》进步篇1；第8课；在一些动词后边作结果补语。使人或物位置固定起来。"
177,三级,句子成分,补语,趋向补语,趋向补语2 复合趋向补语的趋向意义用法：动词+出来/出去/过来/过去/回来/回去/进来/进去/ 起来/上来/上去/下来/下去,"《国际汉语教学课程通用大纲》；四级；补语—趋向补语—复合趋向补语：动词+上来/上去/下来/下去/进来/进去/出来/出去/过来/过去/回来/回去/起来；他跑出去了。/他拿了一本书出来。
《HSK考试大纲》；三级；这个练习题我终于做出来了。/把你的名字写下来。
《高等学校外国留学生汉语言专业教学大纲》；一年级；81.复合趋向补语的引申用法:“起来”“出来”
《高等学校外国留学生汉语言专业教学大纲》；二年级；2.趋向补语(复合趋向补语的引申义)
(1)“起来”
表示说话人对事物进行估量或评价。
①看起来，整顿公司阻力相当大。
②这些规定，讨论起来容易，执行起来可是另外一回事。
(2)“下去”
表示动作或状态的继续(从现在到将来)。
①这孩子的个子太高了，再长下去可不得了。
②好传统应该保持下去。
（3）“下来”
表示动作或状态的继续（从过去到现在)。
①这是古代流传下来的一个神话故事。
②客人都来了，你一个人照顾得过来吗?
《博雅汉语》准中级加速篇II；第1课；趋向补语动词+出来
《博雅汉语》准中级加速篇I；第11课；趋向补语动词+起来
《成功之路》顺利篇2；第19课；趋向补语—复合趋向补语；表示趋向的动词“上、下、进、出、回、过、起”等后面加上“来”或“去”，可以放在另一个
动词后边作补语，表示动作的趋向，叫做复合趋向补语。
如：你坐过来点儿，那儿太危险，小心掉下去。
没吃完的东西放回包里去，香蕉皮扔进垃圾桶里去。
《发展汉语》初级下；第5课；趋向补语—复合趋向补语—简单趋向补语；“来、去”与“上、下、进、除、回、过”结合，放在其他动词后做补语，表示动作的方向，这种补语叫做复合趋向补语。他们的组合形式如：上来、上去、下来、下去等。“起”只能和“来”组合，不能跟”去”组合。宾语的位置：（1）如果宾语是“处所”，一定要放在“来/去”之前。如：她走进公园去了。（2）如果宾语是“物”或“人”，则既可以放在“来/去”前，也可以放在“来/去”后。如：她带回来一本书。她带一本书回来。
《尔雅中文》初级上（2）；第16课；趋向补语—复合趋向补语；趋向补语放在另一动词后面做补语，叫复合趋向补语，表示动作的趋向。
1. V +复合趋向补语
   如有“了”，可以放在句尾，也可以放在动词后。
   安娜跑出去了。
   杰克走了上来。
2. V +复合趋向补语+ O（事物）
   如有“了”，放在复合趋向补语后，宾语前。
   我买回来了一斤苹果。
3. V +上/下/进/出/回/过+ O（事物）+来/去
   V +起+ O（事物） +来
   我买回一斤苹果来。
4. V +上/下/进/出/回/过+ O（处所）+来/去
   V +起 + O（处所）+ 来
   如有“了”，放在句尾。
   杰克走上楼去了。
《体验汉语》
《新实用汉语教程》2；趋向补语复合趋向补语"
178,三级,句子成分,补语,可能补语,可能补语1：动词+得/不+动词/形容词；动词+得/不+了,"《HSK考试大纲》；二级；动词+得/不+见/完/下；字太小了，我看不见。/这么多菜，我们吃得完吗？
《高等学校外国留学生汉语言专业教学大纲》；二年级；(1)动词/形容词+得/不+了:动词后的表示有没有能力或可能
①他经验不足，能力也差，这个工作他干不了。
②早上7点我到得了，他到不了，他家太远。
③敌人今后的日子是兔子尾巴长不了。
④这种处理品，质量肯定好不了。
“了”还有“完”的意思。
⑤这么多水果，我一个人吃不了。
⑥这些纸你用得了用不了？
《国际汉语教学课程通用大纲》；四级；结果补语的可能形式：动词+得/不+结果；吃得完
《国际汉语教学课程通用大纲》；四级；趋向补语的可能形式：动词+得/不+趋向；进不来
《汉语水平等级标准与语法大纲》；丙268；（二）补语 2.可能补语（1）多用否定形式：顾不得（记不得、舍不得、怪不得……）；今天他应酬太多顾不得你了。/这张照片我记不得是哪天拍摄的了。/这次事故怪不得他。
《汉语水平等级标准与语法大纲》；丙269；（二）补语 2.可能补语（1）多用否定形式：哭不得（笑不得、怨不得……）；这样嫁人真让人哭不得笑不得。  /这次事可怨不得我。
《汉语水平等级标准与语法大纲》；丙267；（二）补语 2.可能补语（1）多用否定形式：算不得（恨不得、吹不得……）；这点小事算不得什么。/他身体不好吹不得风。
《汉语水平等级标准与语法大纲》；丙270；（二）补语 2.可能补语（2）肯定、否定形式都用：合得来／不来（说得来／不来、划得来／不来……）；他俩经过多次交谈很合得来。/用一条狗换一只鸭子真划不来。
《汉语水平等级标准与语法大纲》；丙272；（二）补语 2.可能补语（2）肯定、否定形式都用：犯得着／不着（怪的着／不着、数得着／不着……）    ； 为这点事我犯不着跟他吵架。/这个医院的医疗水平在全国也数得着。
《汉语水平等级标准与语法大纲》；丙271；（二）补语 2.可能补语（2）肯定、否定形式都用：靠得住／不住（忍得住／不住、对得住／不住……）；这个女子能靠得住吗？我看靠不住。/在国外你不好好留学，你对得住谁呀！
《汉语水平等级标准与语法大纲》；乙075；2.可能补语
   解决得了/不了  
    我们解决得了。　　体育馆问题他们解决不了。
　　吃得上/不上
　　十二点半以后午饭就吃不上了。　　十二点半以后午饭还吃得上。
　　打得过/不过
　　他力气大，我打不过他。　　他力气小，我打得过他。
　　买得起/不起
　　这件大衣才一千块钱，我们买得起。　　这件工艺品太贵了，我们买不起。
　　记得起来/不起来
　　这件事我还记得起来。　　这件事我记不起来了。
　　做得出来/不出来
　　这道题我做得出来。　　这道题我做不出来。"
179,三级,句子成分,补语,程度补语,程度补语1：形容词/心理动词+得很/极了/死了,"《汉语水平等级标准与语法大纲》；甲080；程度补语：形＋得很：今年冬天冷得很。/他得了第一，高兴得很。
形＋极了：这条河深极了。/她看到这件礼物，喜欢极了。
形＋得多：这条路近，那条路远得多。/这间屋子小，那间屋子大得多。
形＋多了：这篇课文容易多了。/他的学习成绩差多了。
动＋得＋形：他写得好，我写得不好。/她写得整齐，我写得不整齐。
《博雅汉语》初级起步篇II；第23课；程度补语：adj.得很
《博雅汉语》初级起步篇I；第28课；程度补语带“得”的状态补语
《博雅汉语》初级起步篇I；第27课；程度补语极了
《发展汉语》初级下；第6课；程度补语—程度补语（2）；带程度补语的基本句式：（1）形容词/心理动词+极了/死了。如：今天冷极了。（2）形容词/心理动词+得+表示程度的补语（很、不得了、动词短语……）如：今天大家高兴得很。程度补语比程度状语更具描写性，有时语气夸张。程度补语和程度状语不能同时使用。
《体验汉语》；程度补语：形/动+极了"
180,三级,句子成分,补语,数量补语,数量补语 3（动词+动量补语）：宾语和动量补语共现,《HSK考试大纲》；二级；动词+动量补语；这个电影我看了三次。
181,三级,句子成分,补语,数量补语,数量补语4（动词+时量补语）：表示动作持续的时间,"《HSK考试大纲》；二级；动词+时量补语；这本书他看了三天。
《国际汉语教学课程通用大纲》；四级；补语—数量补语—时量补语：
                    主语+动词+时量补语
                    主语+动词+宾语+动词+时量补语
                    主语+动词+时量（+的）+宾语请你等一会儿。
他学汉语学了三年。
他学了三年（的）汉语。"
182,三级,句子成分,补语,数量补语,数量补语5（动词+时量补语）：表示动作结束后到某个时间点的间隔时间,无
183,三级,句子的类型,句型,单句,主谓句4：主谓谓语句,"《HSK考试大纲》；一级；明天天气很好。
《高等学校外国留学生汉语言专业教学大纲》；一年级；30.主谓谓语句1:大主语或小主语为动词的受事
《高等学校外国留学生汉语言专业教学大纲》；一年级；83.主谓谓语句2:小主语是大主语的一部分
《国际汉语教学课程通用大纲》；二级；主谓谓语句—主语+谓语（主谓短语）；他个子很高。
《汉语水平等级标准与语法大纲》；甲级；（二） 按谓语性质分类（“*”，参见“谓语”部分，不标号）（1）动词谓语句；小张学习，小王工作。/咱们一起想个办法。/我们汉语水平提高了。/他姓谢，叫谢文。/他是工人。（2） 形容词谓语句，谓语中不用“是”：今天很热。/这件衣服漂亮极了。（3） 名词谓语句：明天星期天。/弟弟十三岁。/他黄头发，蓝眼睛。/你哪儿的？我北京的。（4）主谓谓语句：他身体不太好。/这个饭店服务员态度不好。/烟我不抽了。/这个电影我看过了。/我衣服不想买了。/这种事情我不太感兴趣。
 《成功之路》起步篇2；第21课；主谓谓语句；由主谓短语作谓语的句子。S1+P1(S2+P2)
《尔雅中文》初级上（1）；第8课；主谓谓语句句式总结（3）—主谓谓语句主谓谓语句是主谓短语做谓语，说明或描写主语的句子。
《发展汉语》初级上；第31课；主谓谓语句；主谓谓语句的格式是：s1+（s2+p2）。这种句子用来描写事物某一方面的特征或者说明事物某一方面的情况。如：她个子高高的。在描写或说没一个事物的时候，常常有几个与“s2+p2”相同的结构，来对s1进行描述或说没。如：她个子很高，眼睛大大的，鼻子高高德，又发又黑又多。
《汉语教程》1下；你身体怎么样？
《汉语教程》2上；昨天的讲座你听了吗？
《体验汉语》
《新实用汉语教程》1
《新实用汉语教程》3"
184,三级,句子的类型,特殊句型,“把”字句,“把”字句1：表处置 （1）主语+把+宾语+动词+在/到+处所（2）主语+把+宾语1 +动词（+给）+宾语2（3）主语+把+宾语+动词+结果补语/趋向补语/状态补语,"《HSK考试大纲》；三级；主语+把+宾语+动词+其他成分；我把帽子忘在洗手间了。/记得把灯关了。/我先把东西拿下楼去。/你把教室的门关上吧。
《博雅汉语》初级起步篇II；第11课；把字句“把”字句（1）
《成功之路》顺利篇2；第15课；把字句“把”字句1：把……V+在/到/给；如果要说明动作使某个确定的事物发生位置的变动，必须使用把字句。如：你把车放在车棚里了吗？/我把车停到小花园旁边了。/把你的自行车借给我用用吧。
《成功之路》顺利篇2；第21课；把字句“把”字句3：把+O+V+结果补语；在汉语中，如果强调动作使某个确指的事物产生结果，可以用“把”字句表达。
如：请把桌子擦干净，把空酒瓶拿走。/明天我把房子打扫干净，把房间布置好。
《成功之路》顺利篇2；第21课；把字句“把”字句4：把+O+V+趋向补语；强调动作使某个确指事物的位置发生了移动，可以用“把”字句，动词后面常有趋向补语。如：帮我把墙上的世界地图拿下来，把这幅画儿挂上去。/帮我把桌子从厨房里抬出来。
《尔雅中文》初级上（2）；第18课；把字句“把”字句（1）
1.把……V在……
2.把……V到……
3.把……V给……
4.把……V成……
（没有更多的解释）
《尔雅中文》初级上（2）；第20课；把字句“把”字句（2）
1.把+ O1 + V + O2
2.把+ O + V + 结果补语
3.把+ O + V + 趋向补语
4.把+ O + V + 得+状态补语
5.把+ O + V + 动量补语
6.把+ O + V （+一）+ V
7.把+ O + V + 了
《发展汉语》初级下；第14课；把字句—把字句（1）由介词“把”及其宾语做状语的动词谓语句叫“把”字句。本书介绍“把”字句的5种类型。句式（1）：把+N1+V+在/到+N2（场所）这一句式表示，动作的结果是使宾语N1的位置发生变化，N2是变化后的场所。如：他把箱子拿到楼上。否定式：不/没/别+把+N1+V+在/到+N2（场所）如：他没把衣服挂在衣柜里。注意：否定词应该放在“把”字的前面。
《发展汉语》初级下；第14课；把字句—把字句（2）；句式（2）把+N1+V+给+N2（对象） 这一句式是情调行为的结果使所涉及的事物“易手”。如：请把杂志递给我。这类“把”字句可以转换为非“把”字句。如：请递给我杂志。注意：否定词也应该放在“把”前面。
《发展汉语》初级下；第15课；把字句—把字句（3）；句式（3）：把+N+V+补语（结果补语/其他）如：我把照相机修好了。作用：情调动作使宾语产生的结果。注意：在否定句中，应把否定词放在“把”字前。如：他没把书看懂，不知道内容好不好。
《发展汉语》初级下；第16课；把字句—把字句（5）；句式（5）：把+N+V+趋向补语  这类“把”字句是趋向补语句的变体，强调动作使宾语朝趋向补语的方向移动。如：他把笔递过去。（笔在他这里。）
《汉语教程》2下；把字句（1）；我把那个盒子给空姐了。
《汉语教程》2下；把字句（2）；我把那件衣服放到柜子里了。
《体验汉语》
《新实用汉语教程》2"
185,三级,句子的类型,特殊句型,被动句,被动句1：主语+被/叫/让+宾语+动词+其他成分,"《HSK考试大纲》；三级；主语+被+宾语+动词+其他成分；我的自行车被弟弟骑走了。
《汉语水平等级标准与语法大纲》；甲096；（七）被动句1． 有标志的被动句
（1） 主+“被/叫/让”+宾+动+其他成分： 我的自行车让小王骑走了。我的辞典阿里借走了。活儿都被他们干完了。
（2） 主+“被/叫/让”+动+其他成分：画被买走了。门被推开了。小周被批评了一顿。
2． 意义上的被动句：信写好了。/练习作完了。/面包吃了一半。
《博雅汉语》初级起步篇II；第24课；被动句“被”字句
《成功之路》顺利篇2；第23课；被动句—“被”字句；指由表示被动意义的介词“被”引进动作施事的一种句子，句子的主语是动作的受事。“被”字句
主要用来表示一个受事者受到某种动作行为的影响而有所改变。如：我的车昨天被小偷偷走了。
《尔雅中文》初级上（2）；第23课；被动句—“被”字句；“被”字句一般强调施事，表示被处置，多含不如意的语意。当不需要强调施事时，“被”后的宾语可以省略。当句中有否定副词或能愿动词时，要放在“被”的前面。口语中，可以用“叫”和“让”表示被动，此时宾语不能省略。
《发展汉语》初级下；第18课；被动句—被动句（1）；主语是动作的受事的句子叫被动句。本书介绍四种被动句。句式(1):受事主语+被（让+叫）+施事+V+补语/其他成分，这类被动句强调动作行为的发出者（施事）。如：他叫老师批评了。否定句：受事主语+没（有）/不/别+被（让+叫）+施事+V+补语/其他成分，如：我从来没被妈妈打过。"
186,三级,句子的类型,特殊句型,连动句,连动句2： （1）前一动作是后一动作的方式（2）后一动作是前一动作的目的,"《高等学校外国留学生汉语言专业教学大纲》；一年级；连动句1:表示目的的
 《HSK考试大纲》；一级；她上午去商店买了很多东西。/他明天上午坐飞机去北京。
《高等学校外国留学生汉语言专业教学大纲》；一年级；66.连动句3:表示方式、工具的
《国际汉语教学课程通用大纲》；二级；连动句（表目的）：来/去+地方+动词（短语）；我来北京学习汉语。
《国际汉语教学课程通用大纲》；三级；连动句（表方式）：主语+动词（短语）1+动词（短语）2
主语+动词1+着（+宾语）+动词（短语）2；我坐地铁去上班。/他听着音乐写作业。
《新实用汉语教程》1；连动句（1）：表示目的
《新实用汉语教程》2；连动句—连动句（2）：表示工具方式"
187,三级,句子的类型,特殊句型,兼语句,兼语句1 表使令：主语+叫/派/请/让……+宾语1 +动词+宾语2,"《HSK考试大纲》；一级；菜做好了，去叫你同学来吃饭。
《HSK考试大纲》；二级；公司让他去中国工作。
《HSK考试大纲》；五级；单位派我去南京办点儿事。
《国际汉语教学课程通用大纲》；二级；主语+请/叫/让+兼语+动词（短语）；他请我吃饭。
《汉语水平等级标准与语法大纲》；甲094；（五） 兼语句
1． 表使令意义的兼语句：晚上我请你吃饭。老师让我再读一遍课文。小王叫我去他家玩玩儿。
2． 表爱憎意义的兼语句：领导经常表扬他工作认真。教师批评他学习不努力。
3． 表称谓或认定意义的兼语句：我们都说他是好学生。他收我做学生。
4． 前一个动词是“有”、“没有”的兼语句：有人找你。有个服务员态度非常好。机场上有架飞机飞走了。今天没有人来参观。
《发展汉语》初级下；第11课；兼语句—兼语句（1）；兼语句的谓语形式为“V1(让/叫……）+名词性成分+V2”。这个名词性成分既是前一个动词的宾语，又是后一个动词的主语，所以这一类句子叫兼语句。在本书中介绍两个兼语句句型。句型（1）N1+让/叫……+N2+V 如：我叫女儿做饭。注意：（1）表示N1要求或请求N2做某种动作。在这种情况下，N1和N2之间的动词也可以是“要求、指示、命令、请”等。如：公司派我去广州。（2）表示N1同意N2去做某事，在说的时候，句子的重音在使令义动词上。在这种情况下，N1和N2之间的动词也可以是“同意、允许”等。如：公司同意我去广州。
否定式：N1+不/（没）有+让/叫……+N2+V 如：妈妈不/没让/叫我玩电子游戏。注意：句子的重音在否定词上。
《发展汉语》初级下；第12课；兼语句—兼语句（2）；句型（2）N1+使/让/叫+N2+Adj./V  如：雨天使/让/叫人不愉快。意义：N1是引起N2做出某种事情或者发生某种变化的原因，N1不是有意要求、命令N2这样做，这一点与句型（1）不同。
注意：“让/叫”既能用于句型（1），又能用于句型（2），而“使”不能用于句型（1）。如：老师让/叫我们读书；老师使我们读书（×）。
《汉语教程》1下；公司派他来中国。"
188,三级,句子的类型,特殊句型,比较句,比较句4： （1）A比B +动词+得+形容词 （2）A不比B +形容词 （3）A +动词+得+比+ B +形容词 （4）A比B +多/少/早/晚+动词+数量短语,"《国际汉语教学课程通用大纲》；四级；复杂比较句：用“早、晚、多、少”的比较句；A+比+B+早/晚/多/少+动词+数量短语；他比我早来了五分钟。
《国际汉语教学课程通用大纲》；四级；复杂比较句：带程度补语的比较句；
A+比+B+动词+得+程度补语
A+动词+得+比+B+程度补语
A+动词+宾语+动词+得+比+B+程度补语
我比他跑得快。
我跑得比他快。
我说汉语说得比他好。
《汉语水平等级标准与语法大纲》；丙295；（六）比较句（三）（1）A比B＋“早、晚、多、少”等＋动＋数量补语；他们比我们多学了半年中医，比你们少学了两个月。/他今天比我早来了十分钟。
《汉语水平等级标准与语法大纲》；丙296；（六）比较句（三）（2）A比B＋动＋“得……”（程度补语）他比我叠得快一些。/他种花比我种得好多了。
《成功之路》进步篇3；第26课；比较句“A不比B……”句式。这种句式从形式上看，很像是“比”字句的否定形式，但实际上“比”字句的否定形式是“A没有B……”。“A不比B……”句的基本义是“A跟B差不多”，也就是说二者相差不明显。
《成功之路》顺利篇2；第17课；比较句—比较句3：带状态补语的比较句。例如：你比我们跑得都快。/大卫跑得比我快多了。
《成功之路》顺利篇2；第18课；比较句—用“比”的比较句4：A比B+早/晚/多/少+V……在此结构中，“早/晚”、“多/少”可以放在主要动词的前面作状语。如：今天怎么比平时晚回来。/这么长时间。你可以比平时少吃一些。
《发展汉语》初级下；第10课；比较句—比较句（5）基本句式：A+比+B+Adj.+数量词  意义：表示二者差别的具体量。如：姐姐比我大三岁。注意：数量词一定要在形容词后。"
189,三级,句子的类型,特殊句型,重动句,主语+动词+宾语+动词+补语,无
190,三级,句子的类型,复句,并列复句,（也）……，也……,无
191,三级,句子的类型,复句,并列复句,一会儿……，一会儿……,"《汉语水平等级标准与语法大纲》；丁412；（一） 并列复句 一会儿……一会儿；她一会儿有说有笑，一会儿又好像满腹心事，甚至偷偷抹眼泪，真不知是怎么搞的。/他一会儿放羊，一会儿拾野菜，忙得不得了。
《汉语水平等级标准与语法大纲》；丁325；五 固定格式：一会儿……一会儿……
《成功之路》进步篇3；第29课；表示动作或情况不断地变化。
《汉语教程》3下；得了感冒很难受，身上一会儿热，一会儿冷。
《桥梁实用汉语中级教程》；老王这个人哪，一会儿明白，一会儿糊涂。
《新实用汉语教程》5；一会儿……一会儿……"
192,三级,句子的类型,复句,并列复句,一方面……，另一方面……,"《博雅汉语》初级起步篇II；第21课；一方面……，另一方面……
《体验汉语》"
193,三级,句子的类型,复句,并列复句,又……，又……,"《HSK考试大纲》；三级；你看外面又刮风又下雨的，别出去了。
《博雅汉语》初级起步篇II；第11课；固定表达：又……又……
《成功之路》进步篇1；第1课；固定表达：又……又……；表示几个动作、状态或情况积累在一起。
《发展汉语》初级上；第31课；固定格式：“又……又……”表示两种状态同时存在，这种格式中间常填入两个形容词（也可以是两个动词)如：这个姑娘又漂亮又聪明。
《汉语教程》1下；那个箱子又小又旧。
《体验汉语》
《新实用汉语教程》3"
194,三级,句子的类型,复句,承接复句,首先……，然后……,《HSK考试大纲》；四级；复句—承接关系：首先……，然后/接着……，（最后）……；到家之后，她首先给父母做好了饭，接着就回到自己的房间工作去了。
195,三级,句子的类型,复句,递进复句,……，并且……,无
196,三级,句子的类型,复句,递进复句,不仅/不光……，还/而且……,"《HSK考试大纲》；四级；复句—递进关系：不仅……，而且……；会一门外语很重要，这样你不仅可以和这个国家的人交流，而且可以了解这个国家的文化。
《国际汉语教学课程通用大纲》；四级；递进复句：不仅……，而且……；我不仅认识他，还很了解他。
《汉语水平等级标准与语法大纲》；丙363；（六） 递进复句 ……不只（不仅）……而且（并且）……；水库不仅要修，而且一定要修好。/这种圆珠笔不只式样美观，并且价格也便宜。
《汉语水平等级标准与语法大纲》；乙102；（三） 递进复句 不仅……而且……；北京不仅是中国的政治经济中心，而且是中国的文化中心。/她不仅给他借来书，而且还简单地给他介绍了一下书的内容。
《汉语水平等级标准与语法大纲》；丁426；（三）递进复句 不光(bùguāng)……而且(并且) ……；不光在文艺界，而且在体育界、教育界，他也很有名气。/她不光娇气，并且还没有教养。
《新实用汉语教程》6；复句句子结构：不仅……而且……
《博雅汉语》准中级加速篇I；第1课；复句不仅……而且
《尔雅中文》初级下（1）；第8课；复句不仅……，而且……；连接两个并列小句，表示出了第一个意思以外，还有更进一步的意思。后一分句常跟“也、还”一起用。
《汉语教程》3上；不仅……而且/还……；他不仅是我们的老师，而且是我们的朋友。"
197,三级,句子的类型,复句,选择复句,不是……，就是……,"《国际汉语教学课程通用大纲》；三级；他每天不是工作，就是学习。
《桥梁实用汉语中级教程》；后天就开学了，安娜不是今天到就是明天到。
《新实用汉语教程》4"
198,三级,句子的类型,复句,转折复句,……X是X，就是/不过……,无
199,三级,句子的类型,复句,假设复句,要是……，就……,"《国际汉语教学课程通用大纲》；三级；要是明天下雨，我们就不去了。
《新实用汉语教程》4"
200,三级,句子的类型,复句,条件复句,只有……，才……,"《HSK考试大纲》；三级；只有多练习，才能提高你的篮球水平。
《国际汉语教学课程通用大纲》；四级；只有多听多说，才能学好汉语。
《尔雅中文》初级上（2）；第24课；复句：只有……，才……；“只有……，才……”表示没有前面的条件，是不能得到后面的结果的。连词“只有”用在前一个表示条件的分句里，关联副词“才”用在后一分句里表示结果。
注意：
“只有”表示的条件是唯一的，是唯一的条件。
《新实用汉语教程》4"
201,三级,句子的类型,复句,因果复句,（由于）……，所以/因此……,《新实用汉语教程》5；句子结构：由于……，所以/因此/因而……
202,三级,句子的类型,复句,目的复句,为了……，……,无
203,三级,句子的类型,复句,紧缩复句,……了……（就）……,《国际汉语教学课程通用大纲》；三级；我吃了饭去图书馆。
204,三级,特殊表达法,数的表示法,,概数表示法2： （1）用“大概、大约、几”表示概数（2）相邻数词连用表示概数（3）用“左右、前后”表示概数,"《国际汉语教学课程通用大纲》；三级；相邻数字/几；多七八个、十几个
《汉语水平等级标准与语法大纲》；甲016；概数；三四个、十几个、几十年、四十多人、两年多、两个多小时
《汉语水平等级标准与语法大纲》；乙008；数词—概数：......来（三十来岁）、 ......左右（三年左右、十五个左右）、 ......上下（二十（岁）上下）、三四十、五六十
《高等学校外国留学生汉语言专业教学大纲》；二年级；（1）“两三”和“三两”表示的意思一样。如：两三天、三两天 (2)有些不相邻的数词也可以连用，表示概数。如：三五个人、三五天 (3)数词后可加表示概数的词语。如“来”“左右”“前后”“上下”、“近”等。可说：十来个、二十天左右、一百个上下、开学前后近千人
《发展汉语》初级上；第18课；数量—概数：不需要精确的数量或者不知道精确数量的时候，可以用概数表示。用法：（1）用”多“表示概数，”多“有两个位置：A用在“十”“百”“千”等整数的后面、量词的前边。如：二十多个人。B数词有个位数时，用在量词的后边。如：二十一斤多。（2）用“几”表示概数，用在个位数上，后边是量词。如：几个人。（3）用两个相邻的数字表示概数。如：三四个小时。（4）用“左右”表示概数，“左右”用在数量词语的右边，表示与某一数值相差不远，略多或略少。如：一万人左右。
《体验汉语》；数量“几”表示概数"
205,三级,强调的方法,,,用“一点儿也不……”表示强调,"《高等学校外国留学生汉语言专业教学大纲》；二年级；(七)用“一……也没(不)……”强调否定
（1）他说的那件事，我们一点也不知道。
（2）会上他一直沉默着，一句话也没说。"
206,三级,强调的方法,,,用反问句表示强调 反问句1：不是……吗？/难道……吗？,"《国际汉语教学课程通用大纲》；四级；不是……吗？；这不是你说的吗？
《国际汉语教学课程通用大纲》；四级；难道你不知道吗？
《发展汉语》初级下；第14课；问句—反问句；反问句就是用疑问语气来表达与字面相反意思的句子，是比普通句子生动并且具有强调作用的表现形式。（1）用“是/不是……吗？”表示反问。如：这不是很好吗？（这很好啊！）（2）用普通疑问形式表示反问，语气比普通疑问句更重。如：这和我有关系吗？（3）用疑问词“谁”“什么”“怎么会/能”“哪儿”表示反问，常与“呢”“啊”等语气词配合使用。如：你为什么不能呢？（你应该能。）
《体验汉语》；问句—反问句：“不是……吗？”"
207,三级,强调的方法,,,用“是”表示强调,"《汉语水平等级标准与语法大纲》；乙090；（二） 用动词“是”强调这儿的风是大。
我对这件事是感兴趣。
这位老太太是很热情。
《高等学校外国留学生汉语言专业教学大纲》；二年级；(五)用动词“是”表示强调
（1）小马是聪明，脑子转得特别快。
（2）他的意见我是不同意，可是大家都同意，我有什么办法？"
208,三级,提问的方法,,,用疑问语调表示疑问,"《汉语水平等级标准与语法大纲》；甲102；（四）用疑问语调表示疑问；你只学过一年汉语？/这本书是你的？/你认识她？
《汉语教程》1下；疑问语调你今天二十岁？"
209,三级,口语格式,,,都……了,《博雅汉语》初级起步篇II；第1课；固定表达：都……了
210,三级,口语格式,,,X就X（点儿）吧,无
211,三级,口语格式,,,X什么（啊）,无
212,四级,词类,动词,能愿动词,得,"《高等学校外国留学生汉语言专业教学大纲》；一年级；58.能愿动词“可以”、“得”、“应该”“愿意”
《国际汉语教学课程通用大纲》；四级；得+动词（短语）你得来。
《汉语水平等级标准与语法大纲》；甲011；助动词：能、会、要、想、可能、可以、愿意、应该、得(dei)
《博雅汉语》初级起步篇I；第18课；能愿动词得（děi)
《尔雅中文》初级上（1）；第7课；能愿动词—能愿动词—“得”和“应该”
学过的能愿动词
肯定        否定
会          不会
能          不能
可以        不能
想          不想
要          不想
能愿动词表达能力、要求、愿望、可能等，放在动词之前。
“得”表示情理上、事实上或主观上的需要。否定形式是“不用”，不能用“不得”。
“应该”表示从道理上说一定是这样。否定形式是“不应该”。
《体验汉语》"
213,四级,词类,代词,人称代词,人家,"《HSK考试大纲》；六级；他一个小人物，跟人家连话都说不上。
《汉语水平等级标准与语法大纲》；乙002；代词：某、如何、任何、人家、本（本市/本校/本人/本书）、自我
《汉语教程》3下；安静点儿，人家都休息了。
《体验汉语》"
214,四级,词类,量词,名量词,打、袋、根、卷、棵、批,"《汉语水平等级标准与语法大纲》；乙009；名量词：包、袋、朵、份、届、颗、列、匹、项
《国际汉语教学课程通用大纲》；五级；量词：片、册、滴、顶、项、克、吨、幅、根、节、颗、粒、批、阵、支一片云、一册书
《国际汉语教学课程通用大纲》；四级；量词—名量词：朵、份、棵、台、页、只一朵花、一份报纸
《汉语水平等级标准与语法大纲》；甲019；名量词：个、位、本、件、种、斤、公斤、克、间、棵、课、张、把、只、条、口、米、公尺"
215,四级,词类,量词,借用量词,（1）名量词：碗、脸、手、屋子、桌子 （2）动量词：刀、针,"《汉语水平等级标准与语法大纲》；丙094；借用量词；一桌子书、一屋子人
《高等学校外国留学生汉语言专业教学大纲》；二年级；借用量词:如：
(一)半(货)、（一)床(被子)、（两)脚(泥、(—)脸(汗)、(两)手(油)、(一)桌子（莱)、（半）锅（粥）
《高等学校外国留学生汉语言专业教学大纲》；二年级；借用动量词，如:(尝一)口、(缝五)针、（描两)笔、（打两)拳、(看一)眼、(说一)声、(踢两)脚"
216,四级,词类,副词,程度副词,格外、极、极其,"《国际汉语教学课程通用大纲》；三级；程度副词：越、特别、极、几乎、比较昨天天气特别好。
《汉语水平等级标准与语法大纲》；程度副词挺、极、白、比较、尤其、相当、稍/稍微
《高等学校外国留学生汉语言专业教学大纲》；二年级；程度副词；格外
《新实用汉语教程》5；其他词语例解：躲、格外、决不、忽然、正、起先、飞来飞去、一时"
217,四级,词类,副词,范围、协同副词,共,无
218,四级,词类,副词,时间副词,按时、即将、急忙、渐渐、尽快,"《HSK考试大纲》；四级；我保证按时完成任务。
《高等学校外国留学生汉语言专业教学大纲》；二年级；即将、按时
《汉语水平等级标准与语法大纲》；乙015；情态副词；亲自、 亲手、渐渐、仍/仍然/仍旧、纷纷、一下子
《汉语教程》3下；这项工程即将开始。
《博雅汉语》准中级加速篇II；第1课；副词渐渐
《汉语教程》3上；妈妈的身体渐渐好了。"
219,四级,词类,副词,频率、重复副词,一再、再三,"《汉语水平等级标准与语法大纲》；频率副词 一再
《汉语水平等级标准与语法大纲》；频率副词 再三
《汉语教程》3上；我再三告诉他，开车时一定不要用手机。
《桥梁实用汉语中级教程》；医生再三对叔叔说，要尽量少喝酒。
《新实用汉语教程》5；其他词语例解：如此、好在、本、再三、颇、说道、东……西……、往往"
220,四级,词类,副词,关联副词,却,"《HSK考试大纲》；四级；语法是语言学习中很重要的一部分，却不是语言学习的全部。
《博雅汉语》准中级加速篇I；第16课；副词却
《成功之路》进步篇1；第8课；转折，用在动词前，作状语。
《汉语教程》3上；她学习的时间不长，进步却很快。"
221,四级,词类,副词,否定副词,未必,"《汉语水平等级标准与语法大纲》；丙121；否定、肯定副词 未必
《高等学校外国留学生汉语言专业教学大纲》；二年级；未必
《成功之路》进步篇3；第32课；“未必”，副词。表示“不一定”的意思。
《桥梁实用汉语中级教程》；我认为，他未必真的崇拜你。"
222,四级,词类,副词,情态副词,几乎、似乎,"《成功之路》进步篇3；第25课；副词。在本课中表示眼看就要发生的事而结果并没有发生。
（1）用在肯定句中，实际意思是否定的。多用于不希望发生的事。（2）用在否定句中。表示希望发生的事时，意思为肯定的，含有“庆幸”的意思。表示不希望发生的事时，意思仍为否定的。
《汉语教程》3上；王老师的头发几乎全白了。
《国际汉语教学课程通用大纲》；三级；程度副词：越、特别、极、几乎、比较；昨天天气特别好。
《新实用汉语教程》5；其他词语例解：亲手、偶然、要不是、而、依旧、似乎、一晃、往常、"
223,四级,词类,副词,语气副词,的确、反而、还4、竟然、究竟,"的确
《成功之路》进步篇3；第32课；副词“的确”表示完全确实，十分肯定。
《汉语教程》3下；他说的的确是真的。
反而
《汉语水平等级标准与语法大纲》；丙106；语气副词 反而
《汉语教程》3上；已经春天了，反而下起雪来了。
还4
无
竟然
《HSK考试大纲》；四级；他真是太粗心了，竟然连火车票都忘记带了。
《汉语水平等级标准与语法大纲》；丙103；语气副词 竟然
《成功之路》进步篇1；第7课；副词“竟然”在句中作状语。用在动词或形容词前，表示没有想到，出乎意料。
《汉语教程》3上；没想到这次考试题竟然这么简单。
《新实用汉语教程》5；其他词语例解：各自、如今、不知、便、亲自、真是、朝、竟然
究竟
《汉语水平等级标准与语法大纲》；乙014；语气副词:倒、准、到底、果然、千万、难道、究竟、恐怕、尽管、尽量、大约、差点儿、并（不/没）、决（不/没）、毫（不/没）、可（你可不能这么说）
《成功之路》进步篇3；第34课；副词“究竟”有以下两种意思和用法：（1）用于问句中，表示进一步的追问，有加强语气的作用。多用于书面，口语中常用“到底”。（2）归根到底。有加强语气的作用。多用于评价性的陈述句。
《汉语教程》3下；你究竟想干什么？"
224,四级,词类,介词,引出时间、处所,自,《汉语水平等级标准与语法大纲》；乙017；介词  引出时间：由、于、自、自从
225,四级,词类,介词,引出对象,对于,"《HSK考试大纲》；四级；对于这件事，您有什么看法？
《国际汉语教学课程通用大纲》；五级；对于+名词（短语）；对于这个问题，大家的意见是一致的。
《汉语水平等级标准与语法大纲》；乙018；介词—引出对象：替、向、将、对于、关于、就（2）
《博雅汉语》准中级加速篇II；第12课
《成功之路》进步篇2；第19课；介词“对于”引进对象或事物的关系者。多跟名词组合，也跟动词和小句组合。
《汉语教程》3上；对于工作，他是认真的。
《新实用汉语教程》5；其他词语例解：对于、好、必定、时刻、立即、当、如何、开来、"
226,四级,词类,介词,引出对象,关于,"《HSK考试大纲》；三级；关于明天的考试，大家还有问题吗？
《国际汉语教学课程通用大纲》；三级；关于这段历史我知道得很少。
《汉语水平等级标准与语法大纲》；乙018；介词—引出对象：替、向、将、对于、关于、就（2）
《高等学校外国留学生汉语言专业教学大纲》；二年级；关于
《博雅汉语》准中级加速篇II；第14课；关于
《汉语教程》3下；关于这件事我们还没有最后决定。"
227,四级,词类,介词,引出对象,替,"《汉语水平等级标准与语法大纲》；乙018；介词—引出对象：替、向、将、对于、关于、就（2）
《高等学校外国留学生汉语言专业教学大纲》；二年级；替
《体验汉语》"
228,四级,词类,介词,引出凭借、依据,根据,"《HSK考试大纲》；三级；我们一定要根据自己的兴趣去找工作。
《国际汉语教学课程通用大纲》；三级；根据我的经验，明天可能会下雨。
《博雅汉语》准中级加速篇I；第10课
《成功之路》进步篇2；第23课；把某种事物作为结论的前提或语言行动的基础。"
229,四级,词类,介词,引出凭借、依据,作为,"《汉语教程》3上；我想把这本书作为礼物送给他。
《现代汉语高级教程》中；作为中国人向来把牛作为吃苦耐劳的象征。"
230,四级,词类,连词,连接词或词组,并2、以及,"《HSK考试大纲》；五级；中国很早以前就把茶以及相关的茶文化传播到了国外。
《高等学校外国留学生汉语言专业教学大纲》；二年级；以及、并
《汉语水平等级标准与语法大纲》；乙021；连词：而、此外、以及、总之、则、从而、不然、然而
《HSK考试大纲》；四级；并2；即使遇到失败，他们也会勇敢地接受并总结经验。
《博雅汉语》准中级加速篇II；第13课；连词以及
《成功之路》进步篇3；第33课；“以及”表示联合关系，连接并列的词、短语或小句。多用于书面语。
《汉语教程》3下；他把这里的生活、学习以及学校的情况都介绍给我们了。
《桥梁实用汉语中级教程》；学校的领导、老师和各国留学生以及中国同学都参加了今晚的联欢会。"
231,四级,词类,连词,连接分句或句子,此外、而1、而是、既然、可见、甚至、假如、总之,"此外
《博雅汉语》准中级加速篇II；第6课；此外
《成功之路》进步篇2；第23课；连词“此外”，指除了上面所说的事物或情况以外的。“此外”后边如果是肯定形式，表示除了所说的，还有别的事物或情况；后边如果是否定形式，表示除了所说的，没有别的事物或情况。
《新实用汉语教程》6；其他词语例解：曾经、一度、以至、仅、其中、此外、随着、相关
《汉语水平等级标准与语法大纲》；连词：而、此外、以及、总之、则、从而、不然、然而
而1
《博雅汉语》准中级加速篇I；第13课；连词而
《汉语教程》上；这个故事简短而生动。
《HSK考试大纲》；四级；孩子眼中的世界是美丽而奇特的，各种各样的“为什么”吸引着他们的眼睛。
《汉语水平等级标准与语法大纲》；连词：而、此外、以及、总之、则、从而、不然、然而
而是
无
既然
《博雅汉语》准中级加速篇II；第6课；连词既然
《汉语教程》3上；既然病了，就回宿舍休息吧。
可见
《汉语教程》3下；她对你这么关心，可见她是爱你的。
《桥梁实用汉语中级教程》；同学们都喜欢听王老师讲课，可见他讲得不错。
《现代汉语高级教程》中；连基本的问题都没弄清楚，可见是没有认真学习。
《汉语水平等级标准与语法大纲》；连词可见
甚至
《成功之路》进步篇3；第32课；连词“甚至”用来强调突出的事例，有更进一层的意思。后面常有“都”“也”等词。
《新实用汉语教程》5；其他词语例解：所、到处、仅仅、于、甚至、有时、各种各样、多得多
假如
《高等学校外国留学生汉语言专业教学大纲》；二年级；假如
《汉语教程》3下；假如你有时间就和我们一起去吧。
总之
《博雅汉语》准中级加速篇II；第14课
《汉语教程》3上；听力、口语、阅读、写作，总之哪门功课都很重要，都得学好。
《桥梁实用汉语中级教程》；小说、诗歌、散文、绘画、音乐、建筑，总之，所有的文学艺术形式在这里都有知音。
《国际汉语教学课程通用大纲》；五级；你爱唱歌，我爱下棋，他爱打篮球，总之每个人都有自己的爱好。
《汉语水平等级标准与语法大纲》；连词 而、此外、以及、总之、则、从而、不然、然而"
232,四级,词类,助词,其他助词,似的,"《HSK考试大纲》；五级；他把它像个宝贝似的紧紧抓在手里。
《汉语水平等级标准与语法大纲》；丙139；助词：……似的
《高等学校外国留学生汉语言专业教学大纲》；二年级；……似的"
233,四级,词类,叹词,,啊2,"《汉语水平等级标准与语法大纲》；甲039
《高等学校外国留学生汉语言专业教学大纲》；三、四年级；(1)啊:语调高扬，表示意外、惊讶。
①啊，你们怎么那么快就回来了？
②啊！他是小偷？"
234,四级,短语,固定短语,四字格,大A大B,无
235,四级,短语,固定短语,四字格,一A一B,《汉语教程》3上；一……一……；一蹦一跳
236,四级,短语,固定短语,其他,看来,"《成功之路》进步篇2；第14课；表示通过对客观情况或者现象的观察，得出某种判断或估计。
《汉语教程》3下；看来这雨一时停不了。
《体验汉语》"
237,四级,短语,固定短语,其他,来得及/来不及,"《汉语水平等级标准与语法大纲》；乙028；固定词组：来得及/来不及
 《体验汉语》；可能补语：来得及/来不及"
238,四级,短语,固定短语,其他,说不定,"《国际汉语教学课程通用大纲》；五级；固定短语：不得了、不好意思、不见得、不耐烦、打交道、打招呼、怪不得、看不起、了不起、忍不住、舍不得、说不定、一路平安；有什么事，跟我打声招呼。
《汉语水平等级标准与语法大纲》；乙031；固定词组：说不定
《桥梁实用汉语中级教程》；看这天气，说不定今天要下雨。"
239,四级,短语,固定短语,其他,一般来说,无
240,四级,固定格式,,,一+量词+比+一+量词,《成功之路》顺利篇2；第23课；这一结构在句子中作状语，表示程度差别的累进。如：现在马路一条比一条宽，楼一座比一座高。/胡同一年比一年少。
241,四级,固定格式,,,（自）……以来,"《国际汉语教学课程通用大纲》；五级；介词：自……以来；自+方位词/地点名词  动词+自+名词；自2008年以来、自南向北、来自美国
《汉语水平等级标准与语法大纲》；乙001；名词：当时、其中、前后、……以来、以上/以下/以内/以外、方面（这方面/生活方面/学校方面）、上（工作上/学习上/生活上）
《桥梁实用汉语中级教程》；自（自从）……以来；自去年八月以来，中国的经济形势越来越好。"
242,四级,固定格式,,,由……组成,《汉语水平等级标准与语法大纲》；丙222；固定格式：由……组成
243,四级,固定格式,,,在……方面,《汉语水平等级标准与语法大纲》；乙054；固定格式：在……方面……
244,四级,固定格式,,,在……上/下/中,《汉语水平等级标准与语法大纲》；乙057—059；固定格式：在……上/中/下
245,四级,句子成分,主语,,主谓短语作主语,《高等学校外国留学生汉语言专业教学大纲》；一年级；82.动词性短语、形容词性短语和主谓作主语小结
246,四级,句子成分,主语,,受事主语,《汉语水平等级标准与语法大纲》；乙065；2.受事主语；蛋糕吃完了。/这件事我们调查过了。/我被他打了。/大家受到热烈欢迎。
247,四级,句子成分,定语,,多项定语,"《高等学校外国留学生汉语言专业教学大纲》；二年级；多项定语的排列次序：
（1）定语不带“的”，一般的次序是:表领属的词语—指示代词—数量短语—形容词—名词
①他那两件白绸衬衣都放在哪儿了？
②他家那套旧式红木家具很不错。
（2）定语带“的”，一般带“的”的定语在不带“的”的定语之前。但数量短语和表示领属的定语，虽不带“的”，一般也要放在前面。
①他买到了 1998 年出版的那套汉语教材。
②他是一个从来不说假话的老实人。
③中国最高的山是喜马拉雅山。
《现代汉语高级教程》上；我要感谢我初中二年级以后的所有的语文老师。"
248,四级,句子成分,补语,趋向补语,趋向补语3 表示结果意义（引申用法）：动词+上/出/起/下,"《博雅汉语》准中级加速篇I；第9课；趋向补语动词+上
《成功之路》进步篇1；第1课；动词+上；表示动作开始并继续。表示人或事物随动作从低处到高处。表示通过某种动作，使物体的两个部分“合拢”在一起。表示通过某种动作使事物存在于某处。表示达到了目的。
《成功之路》进步篇1；第4课；动词+起；表示动作涉及某人或某事物。"
249,四级,句子的类型,特殊句型,“把”字句,“把”字句2：表处置（1） 主语+把+宾语+动词（+一/了）+动词（2）主语+把+宾语（+给）+动词+了/着（3）主语+把+宾语+动词+动量补语/时量补语,"《汉语水平等级标准与语法大纲》；甲098；（九）“把”字句；（1） 主+“把”+宾+动+“一/了”+动：你把你的意见说（一）说。/（请）你把这儿的情况介绍介绍吧。/他今天把过去的信件又看了看。（2） 主+“把”+宾+动+补语（1）：我把信寄走了。/她把衣服洗得很干净。/你把今天的报拿来。
《汉语水平等级标准与语法大纲》；丙299；（七）“把”字句（三）主＋“把”＋宾＋动＋补语（２）；
（1） 主＋“把”＋宾＋动＋时量补语
我们把开会的时间延长了一天。
他把整个北京城走了一多半。
他把这件重要的事情压了好几天。
（2） 主＋“把”＋宾＋动＋动量补语
他爸爸把他狠狠的打了一顿。
你把里里外外再检查一遍。
（3） 主＋“把”＋宾＋动＋介宾补语
我们要把这项工作推向新阶段。
你们想把这孩子带往何处？
（4） 主＋“把”＋宾＋动＋情态补语
他把这马累得浑身大汗。
今天把我冻得直打哆嗦。
这事把小王愁得吃不好睡不好。
《成功之路》顺利篇2；第21课；把字句“把”字句5：把+O+V+其他成分把啤酒倒满，干杯其他成分，强调动作对宾语的处置。如：我明天把房间布置一下。/把冰箱里的水果洗一洗。
《发展汉语》初级下；第16课；把字句“把”字句小结；用“把”字句必须注意以下两点：（1）动词不能是孤立的，必须带有其他成分（结果补语或动词重叠形式），但不能不带可能补语。如：她把作文写完了（动词带结果补语。）（2）动词必须对名词具有处置功能，也就是说动词应对名词产生影响。如：我把那首歌学会了。（“学”对“歌”有处置功能。）
《发展汉语》初级下；第16课；把字句（4）句式（4）：把+N+VV(V—V/V了 VV一下……）这类“把”字句，只表示对宾语进行积极处置，不管结果如何。但是动词仍然不能是孤立的，可以重叠，也可以在后面加“了”。如：请把黑板擦一擦。注意：只有单音节动词，才可以用“V—V/V了V”的形式。如：你把这本书看一看。"
250,四级,句子的类型,特殊句型,被动句,被动句2：主语+被+动词+其他成分,"《HSK考试大纲》；三级；我的自行车被弟弟骑走了。
 《发展汉语》初级下；第19课；被动句—被动句（2）；句式（2）受事主语+被+V+补语/其他成分，这类被动句重在强调结果，施事并不出现，有两种情况：一种是施事没必要说出，一种是不知道施事是谁。如：那本书被借走了。这类句子不能用“让”和“叫”，只能用“被”。
《桥梁实用汉语中级教程》；小王被（老师）批评哭了。"
251,四级,句子的类型,特殊句型,存现句,存现句2： （1）表示出现：处所词+动词+趋向补语/结果补语+动态助词（了）+数量短语+人/物（2）表示消失：处所词+动词+结果补语+动态助词（了）+数量短语+人/物,"《高等学校外国留学生汉语言专业教学大纲》；二年级；(八)存现句:表示出现、消失的句子格式是:处所词语+动词+了/其他成分+出现、消失的人/事物
（1）前边开过来一辆白色的小汽车。
（2）邻居家的猫昨天生了四只小猫，今天死了一只，真可惜。
《尔雅中文》初级上（2）；第19课；存现句存现的表达—存现句—存现句表示事物或人存在的状态。
注意：
存现句一般为不确定的饿事物或人。
（1）处所词 + V +着 + 物/人
（2）处所词 + V + 趋向补语/结果补语 + 物/人
《发展汉语》初级下；第3课；存现句—存现句表示人或事物存在、出现或消失的句子叫存现句。本课介绍三种情况：（1）表示存在。基本句式：处所+v（表存在的动词）+着+n。如：墙上挂着一幅画。（2）表示出现。句式：处所+v（表出现的动词）+了+n。如：前边来了一位老人。注意：宾语不能是特指的。（3）表示消失。句式：处所+（表消失的动词）+了+n如：我丢了100元钱。"
252,四级,句子的类型,特殊句型,兼语句,兼语句2 （1）表爱憎义：主语+表扬/批评+宾语1+动词+宾语2（2）表称谓或认定义：主语+叫/称（呼）/说/收/选+宾语1 +做/为/当/是+宾语2,"《HSK考试大纲》；六级；要么嫌太太菜做得不好，要么嫌太太不会打扮，这里看不顺眼，那里看不顺眼，气势凌人，这是最下等的丈夫。
《高等学校外国留学生汉语言专业教学大纲》；二年级；1.表示称谓或认定意义的兼语句(前一个动词多为:称、选、认、叫等，后一个动词多为当、做、为、是等)
①我们都称他为师傅。
②我们选他当我们班的代表。
2.表爱憎、好恶等及其原因的兼语句(前一个动词多为心理活动动动词:喜欢、讨厌、爱、恨、嫌、佩服、原谅、欣赏等)
①我喜欢他谦虚、谨慎、办事认真。
②大家都嫌这个孩子没有礼貌。
《汉语水平等级标准与语法大纲》；甲094；（五） 兼语句（1） 表使令意义的兼语句；晚上我请你吃饭。/老师让我再读一遍课文。/小王叫我去他家玩玩儿。
（2）表爱憎意义的兼语句：领导经常表扬他工作认真。/教师批评他学习不努力。
（3） 表称谓或认定意义的兼语句：我们都说他是好学生。/他收我做学生。
（4） 前一个动词是“有”、“没有”的兼语句：有人找你。/有个服务员态度非常好。/机场上有架飞机飞走了。/今天没有人来参观。"
253,四级,句子的类型,特殊句型,“是……的”句,“是……的”句2：强调说话人的看法或态度,"《汉语水平等级标准与语法大纲》；乙082；“是……的”句（二）这种格式多用来表示说话人的看法、见解和态度。“是”和“的”在句子中起肯定判断或加强语气的作用：
（1） 情况是会不断变化的。
学习京剧是会遇到困难的，但是我不怕。
这个问题是可以解决的。
（2） 否定式是把“是……的”中间的部分改成否定形式：
你的意见我是不能接受的。
这类事情是不会发生的。
《高等学校外国留学生汉语言专业教学大纲》；二级；(六)“是……的”句3，表示说话人的看法，见解或态度，带有肯定的或委婉的语气，“是……的”中间多为形容词性短语、能愿动词或带可能补语的动词性短语。没有否定式或正反疑问式，但可以在“是……的”中用否定形式的词语。
①他有没有诚意，我是可以看出来的。
②这个问题对某些人来说是十分敏感的。
③你来旁听是可以的，但要想做正式学生，目前还是不行的。
《成功之路》进步篇3；第27课；“是……的”句；与以前学过的强调已发生动作的时间、地点、方式等的“是……的”（1）不同，多用来表示说话人对主语的评议、叙述或描写，往往带有一种说明情况，想让听话人接受或信服的肯定语气。在这样的句子中，去掉“是……的”，句子一般也是成立的。"
254,四级,句子的类型,复句,并列复句,不是……，而是……,"《HSK考试大纲》；四级；重要的不是你想要得到什么，而是你最后能留下什么。
《发展汉语》初级下；第23课；否定前面的寓意，肯定后面的语义。如：我不是韩国人，而是日本人。
《汉语教程》3上；我不愿意去，而是没有时间。
《汉语水平等级标准与语法大纲》；丙375；（七） 转折复句 不是……而是……；不是我们太无能，而是这项工作太难做了。
普及普通话不是一项简单的工作，而是一项非常复杂的工作。
《成功之路》进步篇2；第14课；用来否定一个方面，肯定另外一个方面。
《新实用汉语教程》4"
255,四级,句子的类型,复句,并列复句,既……，又/也……,"《汉语水平等级标准与语法大纲》；乙095；（一） 并列复句:既……又（也）……；这种家具既漂亮，又实用。/她既会跳舞，也会唱歌。
《HSK考试大纲》；四级；九江市既是一座文化名城，也是著名的旅游城市。
《新实用汉语教程》3；复句既……，又……
《博雅汉语》准中级加速篇I；第4课；复句既……又
《成功之路》进步篇1；第6课；连接动词性结构或形容词。同时具有两个方面的性质或情况。
《尔雅中文》初级下（1）；第5课；既……又……；连接两个形容词或动词，表示主语同时具有两个方面的特点或情况。
《发展汉语》初级下；第25课；复句既……又……相当于学过的“又……又……”，表示两种状态同时存在。如：这个菜既好吃，又便宜。二者的区别是：（1）“既……又……”相对书面化，“又……又……”则多用于口语；（2）二者都可以连接两个形容词或两个动词，但是“又……又……”可以连接两个单音节动词，而“既……又……”一般不能。如：他又吃又喝，又唱又跳，真开心。
《博雅汉语》初级起步篇II；第23课；复句既……也……"
256,四级,句子的类型,复句,承接复句,首先……，其次……,《博雅汉语》准中级加速篇II；第14课
257,四级,句子的类型,复句,承接复句,……，于是……,"《国际汉语教学课程通用大纲》；四级；他想学汉语，于是来到中国留学。
《汉语水平等级标准与语法大纲》；乙099；（二） 承接复句 ：……，于是……；王华忘了报名的地点，于是跑到单位打听了一下。/车间领导要求大家学技术，于是一个技术学习小组就成立了。"
258,四级,句子的类型,复句,递进复句,……，甚至……,《汉语水平等级标准与语法大纲》；丙360；他非常顽固，甚至到了不可救药的地步。/这孩子非常调皮，甚至老师对他也无可奈何。
259,四级,句子的类型,复句,选择复句,或者……，或者……,"《国际汉语教学课程通用大纲》；三级；我们或者今天去，或者明天去。
《汉语水平等级标准与语法大纲》；乙104；下课了，同学们或者回宿舍，或者去食堂。/面对困难，你或者战胜它，或者被它吓倒。
《博雅汉语》准中级加速篇II；第9课；复句：或者……或者"
260,四级,句子的类型,复句,转折复句,……，然而……,《国际汉语教学课程通用大纲》；四级；雪下得很大，然而我并不感觉冷。
261,四级,句子的类型,复句,假设复句,……，否则……,"《HSK考试大纲》；四级；要想减肥成功，一定要坚持，不能怕累，否则很难有效果。
《国际汉语教学课程通用大纲》；四级；你得早点儿回去，否则父母会担心。
《汉语水平等级标准与语法大纲》；乙112；你得赶快把电报送去，否则该误事了。/只有你亲自去一趟，否则解决不了问题。
《高等学校外国留学生汉语言专业教学大纲》；三、四年级；7.(肯定、一定)……，否则(不然、要不)……
（1）老王一定有重要的事情找他，否则不会接连给他打了三次电话。
（2）他肯定已经离开了这里，不然为什么不来看你呢？"
262,四级,句子的类型,复句,假设复句,假如……，（就）……,"《HSK考试大纲》；五级；假如你能真心地帮助别人，你就能体验到人生的快乐。
《汉语水平等级标准与语法大纲》；丙352；假如不是亲眼看见，就不会相信这是真的。/假如他需要帮忙，你就应该尽全力去帮他。"
263,四级,句子的类型,复句,假设复句,万一……，（就）……,《HSK考试大纲》；五级；万一我明天不能来上班，麻烦你帮我请个假。
264,四级,句子的类型,复句,条件复句,不管……，都/也……,"《国际汉语教学课程通用大纲》；四级；条件复句：无论/不管……，都/也……无论/不管……，都/也……；无论刮风下雨，他都坚持锻炼。
《博雅汉语》初级起步篇II；第23课；复句：不管……都……"
265,四级,句子的类型,复句,条件复句,无论……，都/也……,"《国际汉语教学课程通用大纲》；四级；条件复句：无论/不管……，都/也……无论/不管……，都/也……；无论刮风下雨，他都坚持锻炼。
《尔雅中文》初级下（2）；第12课；复句无论……，都/也……
《新实用汉语教程》4；复句无论……，都/也……
《体验汉语》；复句无论……都……"
266,四级,句子的类型,复句,因果复句,既然……，就……,"《汉语水平等级标准与语法大纲》；乙109；既然你特别喜欢音乐，我就给你介绍一位音乐老师。/既然已经买了，就不必后悔了。
《HSK考试大纲》；四级；既然知道是你错了，那你就该向他道歉。
《国际汉语教学课程通用大纲》；四级；既然大家都累了，就休息一会儿吧。
《新实用汉语教程》4；复句：既然……，就……
《成功之路》进步篇2；第18课；连词“既然”用在复句的前一个小句，提出一个听说双方都知道的事实作为前提，后一个小句是根据这个前提推出的结论。
《尔雅中文》初级下（1）I；第6课；复句：既然……就……；连接两个分句，前一分句指出已经成为现实的或已经肯定的前提，后一分句根据这个前提推出结论。
《发展汉语》初级下；第23课；这一结构表示根据已成事实或前提得出结论。连词“既然”后面是已经成立的事实或已经肯定的前提，关联副词“就”后面是根据这个前提推出的结论，而说话人认为这个结论是理所当然的。有时“就”可以省略。如：既然我们是朋友，就应该相互信任。主语可以放在“既然”前，也可以放在“既然”后，意思不变。如：你既然不喜欢这个工作，就别干了=既然你不喜欢这个工作，就别干了。"
267,四级,句子的类型,复句,因果复句,……，可见……,《汉语水平等级标准与语法大纲》；丙385；由于他平时不注意身体，所以不到50岁就去世了，可见锻炼身体是多么重要。/这次考试你考得不好，可见你没有好好复习。
268,四级,句子的类型,复句,让步复句,哪怕……，也/还……,"《HSK考试大纲》；五级；做任何事情，我们都不应该轻易放弃，哪怕前行的道路再苦再难，也要坚持下去，这样才不会在自己的人生里留下太多遗憾。
《新实用汉语教程》5；复句句子结构：哪怕……，也/都……； 再……也……
《汉语水平等级标准与语法大纲》；乙120；（十） 让步复句 哪怕……也（都）……；要记住别人给你的帮助，哪怕一点点帮助呢，也要记住。/教室里非常安静，哪怕有谁一下书，那声音都能听到。"
269,四级,句子的类型,复句,目的复句,……，好……,《汉语水平等级标准与语法大纲》；丙392；他生起火来，好让屋里暖和一点。/科长提高了声音，好让大家都能听到。
270,四级,句子的类型,复句,紧缩复句,无标记,"《汉语水平等级标准与语法大纲》；甲128；（八）紧缩复句；上课不要说话。/钱少不够花。/你有事你先走。 
《现代汉语高级教程》上；紧缩复句；需要大人哄着才行。
《高等学校外国留学生汉语言专业教学大纲》；三、四年级；(一)无标志紧缩句
（1）人仰马翻。(并列)
（2）你浇呀我浇？（选择）
（3）人逢喜事精神爽。（因果)
（4）你不怕我怕。（转折）
（5）钱不在人在。(假设)"
271,四级,句子的类型,复句,紧缩复句,不……也……,"《国际汉语教学课程通用大纲》；五级；你不想干也得干。
《汉语水平等级标准与语法大纲》；丙397；我一辈子不见他也不想他。/为了生活，你不想干也得干。
《高等学校外国留学生汉语言专业教学大纲》；三、四年级；（1）不好走也去。（2）不给钱也干。"
272,四级,特殊表达法,数的表示法,,概数表示法3：数词+来+量词,《成功之路》进步篇1；第4课；数量—表示概数的“来”；助词，表示大概的数目。指比某个数目大一点儿或小一点儿。用在数量词后，表示大概的数目。
273,四级,特殊表达法,数的表示法,,小数、分数、百分数、倍数的表示法；,"《国际汉语教学课程通用大纲》；五级；小数；3.14、三点一四
《汉语水平等级标准与语法大纲》；甲018；倍数、小数；五倍、七点八(7.8)、三点一四一六(3.1416)
《国际汉语教学课程通用大纲》；五级；分数、百分数；1/3、25%、三分之一、百分之二十五
《汉语水平等级标准与语法大纲》；甲017；分数、百分数；三分之二(2/3)、百分之四十(40%)
《国际汉语教学课程通用大纲》；四级；倍数的表达：数词+倍；4是2的两倍。
《高等学校外国留学生汉语言专业教学大纲》；二年级；
分数
在口语中用“成”或“分”表示十分之几。如：
（1）吃饭要吃七八分饱。
（2）今年这里的粮食产量比去年增加了近二成。
小数
小数的读法，如:
0.5 读作零点五；0.01 读作零点零一。
倍数
倍数通常是数词后面加上“倍”或“番”，如：从四增加到十二应说增加了两倍或说翻了两番。
十二是四的三倍。
《博雅汉语》初级起步篇II；第13课；数量—小数、分数和百分数
《成功之路》进步篇2；第22课；数量—分数 、小数、 百分数的称数法；1.分数通常的说法是“X分之X” ，前一个“X” 表示分母， 后面的“X” 表示分子。2.小数通常的说法是把小数点读作“点”，小数点以后的部分只依次读出系数词，小数点以前的部分跟一般称数法相同。
《尔雅中文》初级下（2）；第13课；分数的表达
《发展汉语》初级下；第13课；分数与倍数的表达；（1）分数：1/3读成：三分之一。表达的顺序是：先读分母，然后是“分之”，最后读分子。百分数：50%读成：百分之50.（2）倍数：倍数有两种常用说法：a. A是B得X倍。如：6是3的两倍。b. A比B多/大X倍。6比3大1倍。
《新实用汉语教程》3；分数、百分数、倍数"
274,四级,强调的方法,,,用反问句表示强调 反问句2：由疑问代词构成的反问句,"《汉语水平等级标准与语法大纲》；丙级；九 反问句1：这里好什么？我舒畅什么？九　反问句2：他哪儿是美国人。
她什么时候碰过钉子？九　反问句3：攀登这座山有什么难？喝粥有什么好笑的？坐汽车去有什么不便的？
《高等学校外国留学生汉语言专业教学大纲》；二年级；疑向代词用于反问，不表示疑问(多会儿、哪儿等)。如：
(1)我多会儿答应过你?
(2)我哪儿知道你没参加？
《尔雅中文》初级上（2）；第22课；用“没（有）……吗”表示反问、用疑问代词表示反问；用“没（有）……吗”表示反问，来强调肯定。
《尔雅中文》初级上（2）；第22课；问句疑问代词表示虚指注意：
否定形式的反问句强调肯定，肯定形式的反问句强调否定。
（1） V + 什 么+ O
注意：
在离合词中，“什么”位于动宾结构中间。
（2）Adj + 什么
《汉语教程》2下；用疑问代词反问谁说我不去？"
275,四级,强调的方法,,,用双重否定表示强调,"《汉语水平等级标准与语法大纲》；乙091；（三） 用双重否定强调；没有人不讨厌他。/没有谁不赞成。/你不能不陪她。/他不会不知道我的看法。
《高等学校外国留学生汉语言专业教学大纲》；二年级；(二)用双重否定强调肯定；（1）工厂里的事没有他不知道的。（2）今天下午的会很重要，老王不会不来。
《发展汉语》初级下；第26课；双重否定句表示强调句式：（1）不……不……，如：他请我们，我们不能不去。（必须去）（2）没有……不……，如：这个字没有人不认识。（所有的人都认识）（3）不……没有……，如：学习外语不能没有词典。（必须有）（4）没有不……，如：孩子们没有不喜欢他的。（都喜欢）"
276,四级,强调的方法,,,用“一+量词（+名词）+也（都）/也没（不）……”表示强调,无
277,四级,强调的方法,,,用“连……也/都……”表示强调,"《国际汉语教学课程通用大纲》；四级；这件事连三岁的小孩都知道。
《高等学校外国留学生汉语言专业教学大纲》；二年级；(三)用“连……也(都)……”表示强调
①连几岁的孩子也明白这个简单的道理，你怎么就不明白?
②为了赶写这篇文章，这几天连饭都没吃好。
③我给他的那封信，他连看也没来得及看，就出差走了。
《成功之路》进步篇2；第20课；固定表达：连……也/都……，表示强调。
《博雅汉语》初级起步篇II；第22课
《汉语教程》2下；来北京快半年了，她连故宫也没去过。
《新实用汉语教程》3"
278,四级,口语格式,,,不X白不X,无
279,四级,口语格式,,,动词+一X是一X,无
280,四级,口语格式,,,（没）有什么（好）X的,《汉语水平等级标准与语法大纲》；丁400；八、口语格式：（没）有什么（好）X的……；有什么好看的，还是回家吧。/没有什么好说的，把钱交出来完事。
281,四级,口语格式,,,X是X，Y是Y,"《汉语水平等级标准与语法大纲》；丁405；八、口语格式  X1（名）是X1，X2（名）是X2……；
去年是去年，今年是今年，不是一回事。
你想吃什么就有什么，山东味儿是山东味儿，四川味儿是四川味儿。
《汉语水平等级标准与语法大纲》；丙322；十 口语格式 X1是／归X1，X2是／归X2……；说是说，做是做，不要影响干活儿。/你家是你家，我家是我家，不能混淆。/这事好说，咱们桥归桥，路归路，不会发生冲突的。
《高等学校外国留学生汉语言专业教学大纲》；三、四年级；表示界线分明，不含混，用两个“是”；(1)他是他，我是我，他有他的意见，我有我的看法。(2)公是公，私是私，不能假公济私。"
282,四级,口语格式,,,X也得X，不X也得X,"《汉语水平等级标准与语法大纲》；丁390；八、口语格式  X也得X，不X也得X……；我现在是干也得干，不干也得干，没有任何退路了。
《汉语水平等级标准与语法大纲》；丙324；十 、口语格式 X也得X，不X也得X……；甭再想了，你去也得去，不去也得去。/这笔生意你做也得做，不做也得做。"
283,四级,口语格式,,,X就是了,无
284,四级,口语格式,,,还X呢,无
285,四级,口语格式,,,你X你的吧,《汉语水平等级标准与语法大纲》；丙343；十、 口语格式 你X你的吧 ；您忙您的吧，老奶奶的事我全包了。/没有什么大事，你写你的吧！
286,四级,口语格式,,,让/叫你X你就X,《汉语水平等级标准与语法大纲》；丙330；十、 口语格式 让／叫你X你就X，…… ；让你锁你就锁，哪儿那么多话呀！/叫你走你就走，甭废话。
287,四级,口语格式,,,说什么/怎么（着）也得X,"《汉语水平等级标准与语法大纲》；丁388；……说什么（怎么着）也得……；我说什么也得给你母亲寄点钱去呀。
《高等学校外国留学生汉语言专业教学大纲》；三、四年级；(六)说什么/怎么(着)也得；（1）没时间了，说什么我也得走了。（2）好不容易来了，你怎么也得在这儿住上一两天吧!"
288,五级,词类,代词,指示代词,彼此、如此,"彼此
《国际汉语教学课程通用大纲》；五级；代词 各自、彼此；你们既要各自努力，又要彼此帮助。
《汉语水平等级标准与语法大纲》；代词 彼此
《 汉语教程》3上；彼此：她们两个很好，不分彼此。
如此
《现代汉语高级教程》中；如此；事已如此，你就不要太难过了。
《新实用汉语教程》第5课；其他词语例解：如此、好在、本、再三、颇、说道、东……西……、往往"
289,五级,词类,量词,名量词,册、朵、幅、届、颗、匹、扇,"册、朵、幅、届、颗、匹
《国际汉语教学课程通用大纲》；五级；量词：片、册、滴、顶、项、克、吨、幅、根、节、颗、粒、批、阵、支；一片云、一册书
《国际汉语教学课程通用大纲》；四级；量词—名量词：朵、份、棵、台、页、只；一朵花、一份报纸
《汉语水平等级标准与语法大纲》；名量词：包、袋、朵、份、届、颗、列、匹、项"
290,五级,词类,副词,程度副词,过于、可1、稍、稍微、尤其,"过于
《现代汉语高级教程》中；过于：他最近过于劳累，终于病倒了。
《HSK考试大纲》；六级；副词“过于”：这种说法过于笼统。
可1
《博雅汉语》准中级加速篇I第14课；副词“可”
《体验汉语》；副词“可”“更”
稍、稍微
《汉语水平等级标准与语法大纲》；乙013；程度副词：“挺、极、白、比较、尤其、相当、稍/稍微、才（2）”
《高等学校外国留学生汉语言专业教学大纲》；二年级；稍、稍微
《桥梁实用汉语中级教程》；稍微；做这个菜要稍微放一点糖。
尤其
《高等学校外国留学生汉语言专业教学大纲》；二年级；尤其"
291,五级,词类,副词,范围、协同副词,大都,《高等学校外国留学生汉语言专业教学大纲》；二年级；；范围副词，表总括：多半、大致、总共、大都、处处、统统
292,五级,词类,副词,时间副词,不时、将、将要、仍旧、时常、时刻、依旧、一向,"不时
《汉语教程》3上；不时：她怕上课迟到，不时地看表。
《桥梁实用汉语中级教程》；不时；老人听着我的话，不时地点头。
《新实用汉语教程》第6课；其他词语例解：死活、反正、大多、两下子、不时、当初、巴不得、连同
《汉语水平等级标准与语法大纲》；丁107；（七）副词：不时
《汉语水平等级标准与语法大纲》；频率副词：不时
将
《博雅汉语》准中级加速篇II；第11课；助词“将”
《汉语教程》3上；将；他们将在明天下午出发。
《新实用汉语教程》第5课；其他词语例解：基于、以及、毕竟、将、估计、大约、以、还是……好
《汉语水平等级标准与语法大纲》；乙011；时间副词“临、将、直、曾经、从来、始终、一时、先后、终于、往往、都（2）（现在都八点了。）、老（我老（是）见不到他。）、回头（回头见）
仍旧
《汉语教程》3下；仍旧；他仍旧住在原来的老房子里。
《新实用汉语教程》第6课；其他词语例解：幸亏、不得、至今、替、愈……愈、从、每每、仍旧
《汉语水平等级标准与语法大纲》；丙371；（七） 转折复句“……仍旧（仍然、仍）……”；张老师生病了，仍然坚持工作。/战场上只剩下他一个人了，他仍旧坚持战斗。
《汉语水平等级标准与语法大纲》；乙015；情态副词“亲自、亲手、渐渐、仍/仍然/仍旧、纷纷、一下子、时刻”
《新实用汉语教程》第5课；其他词语例解：对于、好、必定、时刻、立即、当、如何、开来、依旧
《新实用汉语教程》第5课；其他词语例解：亲手、偶然、要不是、而、依旧、似乎、一晃、往常
一向
《汉语教程》3下；一向；她一向喜欢体育运动。
《桥梁实用汉语中级教程》；一向；妹妹一向喜欢吃酸的东西。"
293,五级,词类,副词,频率、重复副词,偶尔、再次,"偶尔
《汉语水平等级标准与语法大纲》；时间副词“偶尔” 
《高等学校外国留学生汉语言专业教学大纲》；二年级；偶尔
《汉语教程》3上；偶尔；我不常回家看父母，偶尔给他们打个电话。"
294,五级,词类,副词,方式副词,偷偷,《汉语教程》3上；偷偷；他看大家不注意，就偷偷离开了。
295,五级,词类,副词,语气副词,毕竟、不免、差（一）点儿、倒是、干脆、就4、居然、可2、明明、总算,"毕竟
《高等学校外国留学生汉语言专业教学大纲》；二年级；毕竟
《汉语水平等级标准与语法大纲》；丙101；语气副词“毕竟”
《汉语教程》3下；毕竟；我们对中国的情况毕竟知道得太少，应当多走走，多看看。
《新实用汉语教程》第5课；其他词语例解：基于、以及、毕竟、将、估计、大约、以、还是……好、不免
《HSK考试大纲》；6级；副词“不免”；他做出这种事，人家不免议论。
《汉语水平等级标准与语法大纲》；丙390；（九） 因果复句 ……，不免……；第一次面对这么多观众，我不免有些紧张。/这段路太窄，有时不免有些拥挤。
《汉语水平等级标准与语法大纲》；丙109；语气副词“不免”
《新实用汉语教程》第6课；其他词语例解：深究、且、不免、逐一、于是、若、凡、一丝一毫、差（一）点儿
《汉语水平等级标准与语法大纲》；乙014；语气副词：倒、准、到底、果然、千万、难道、究竟、恐怕、尽管、尽量、大约、差点儿、并（不/没）、决（不/没）、毫（不/没）、可（你可不能这么说）
倒是
《博雅汉语》准中级加速篇II；第3课；副词“倒是”
干脆
《高等学校外国留学生汉语言专业教学大纲》；二年级；干脆
《汉语教程》3下；干脆：我问他去不去，他回答得很干脆：去！
 就4
《高等学校外国留学生汉语言专业教学大纲》；一年级；25.副词“就”加强肯定的语气
《高等学校外国留学生汉语言专业教学大纲》；一年级；99.副词“就”“还”“再”“又”等（小结）
《汉语水平等级标准与语法大纲》；乙089；（一） 用副词“就”强调；这就是我住的宾馆。/他家就在电影院东边。/大夫不让我出院，我就出院。/我就不相信我赶不上他。
《博雅汉语》初级起步篇I第23课；副词“就”的小结
《成功之路》顺利篇1第10课；副词表强调的“就”；“就”在句中还可以表示肯定客观事实或强调事实的确如此的意思。如：我就订这个航班的机票。
居然
《汉语水平等级标准与语法大纲》；语气副词“居然”
《汉语教程》3下；居然：我的声音那么大，你居然没听见。
《新实用汉语教程》第5课；其他词语例解：个、直、没法、由此、倒、大体、大多、跟……有关、居然、可2
《汉语水平等级标准与语法大纲》；乙092；（四） 用副词“可”强调；我可没说过这话。/这个问题可不简单。/这么大的地方，可去哪儿找他呀？/你可不能让妈妈失望。
《体验汉语》；副词“可”“更”
明明
《HSK考试大纲》；六级；副词“明明”：这明明是一只鹿，你怎么说是马呢？
《汉语水平等级标准与语法大纲》；丙096；语气副词“明明”
《高等学校外国留学生汉语言专业教学大纲》；二年级；明明
《汉语教程》3下；明明；这明明是玛丽的，你怎么说是我的？
《现代汉语高级教程》中；明明；这哪里是童叟无欺，明明是欺骗！
总算
《高等学校外国留学生汉语言专业教学大纲》；二年级；总算"
296,五级,词类,介词,引出时间、处所,随着,"《HSK考试大纲》；四级；介词“随着”；随着科学技术的发展，很多问题已经得到解决。
《高等学校外国留学生汉语言专业教学大纲》；二年级；随着
《博雅汉语》准中级加速篇II；第8课；介词“随着”
《成功之路》进步篇2；第22课；介词“随着”；动词，随着+名词结构+的+双音节动词
《桥梁实用汉语中级教程》；随着；随着形势的发展，咱们的任务越来越重了。
《新实用汉语教程》第6课；其他词语例解：曾经、一度、以至、仅、其中、此外、随着、相关"
297,五级,词类,介词,引出目的、原因,将,"《博雅汉语》准中级加速篇II；第11课；助词“将”
《汉语教程》3上；将：他们将在明天下午出发。
《新实用汉语教程》第5课；其他词语例解：基于、以及、毕竟、将、估计、大约、以、还是……好
《汉语水平等级标准与语法大纲》；乙011；时间副词“临、将、直、曾经、从来、始终、一时、先后、终于、往往、都（2）（现在都八点了。）、老（我老（是）见不到他。）、回头（回头见）"
298,五级,词类,介词,引出施事、受事,由2,《HSK考试大纲》；四级；介词由3：这次招聘由他负责。
299,五级,词类,介词,引出凭借、依据,凭,"《国际汉语教学课程通用大纲》；五级；介词“凭”+名词（短语）；凭票入场
《汉语水平等级标准与语法大纲》；丙128；介词“凭”
《高等学校外国留学生汉语言专业教学大纲》；二年级；凭
《成功之路》进步篇2；第16课；介词“凭”
《汉语教程》3下；凭；要得第一名，不能凭运气。"
300,五级,词类,介词,引出凭借、依据,依据,无
301,五级,词类,介词,引出凭借、依据,依照,无
302,五级,词类,连词,连接分句或句子,从而、加上、完了、一旦,"从而
《博雅汉语》准中级加速篇II；第15课；连词“从而”
《汉语教程》3下；从而；最近半年来，我每天都按时起床按时上课，从而改变了过去晚睡晚起的习惯。
《新实用汉语教程》第6课；复句句子结构：……，从而……
《国际汉语教学课程通用大纲》；五级；承接复句……，从而……；信息技术迅速发展，从而为人们的交流提供了更为方便的手段。
《汉语水平等级标准与语法大纲》；乙021；连词“而、此外、以及、总之、则、从而、不然、然而”
一旦
《汉语水平等级标准与语法大纲》；丁161；（十一）兼类词：一旦（名、副）"
303,五级,词类,助词,其他助词,也好,"《汉语水平等级标准与语法大纲》；丁393；（八）口语格式：X1也好（也罢），X2也好（也罢），……；你想去也好，不想去也好，都不应该骂人，更不应该打人。/花也罢，鸟也罢，什么也引不起他的兴趣。
《桥梁实用汉语中级教程》；……也好，……也好；刮风也好，下雨也好，他从没迟到过。"
304,五级,短语,固定短语,四字格,A来A去,"《高等学校外国留学生汉语言专业教学大纲》；三、四年级；(四)V来V去；（1）说来说去，都是我不好，你们就原谅我这一次吧。（2）想来想去，还是接受这个任务好。（3）讨论来讨论去，最后也没有解决。
《博雅汉语》初级起步篇II；第9课；固定表达：V来V去
《尔雅中文》初级下（2）；第16课；固定表达：V来V去；表示动作的多次重复。"
305,五级,短语,固定短语,四字格,A着A着,《博雅汉语》初级起步篇II第19课；固定表达：V1着V1着V2
306,五级,短语,固定短语,四字格,没A没B,《汉语水平等级标准与语法大纲》；丙246；固定格式：没吃没穿
307,五级,短语,固定短语,四字格,说A就A,无
308,五级,短语,固定短语,四字格,有A有B,无
309,五级,短语,固定短语,其他,不得了,"《国际汉语教学课程通用大纲》；五级；固定短语“不得了、不好意思、不见得、不耐烦、打交道、打招呼、怪不得、看不起、了不起、忍不住、舍不得、说不定、一路平安”；有什么事，跟我打声招呼。
《博雅汉语》准中级加速篇II；第9课；固定表达“不得了”
《汉语教程》3下；不得了；不得了了，两辆汽车撞在一起了。
《新实用汉语教程》第5课；固定表达—句子结构：不……不行，A/V+得+不得了"
310,五级,短语,固定短语,其他,不敢当,"《国际汉语教学课程通用大纲》；六级；固定短语和成语—固定短语：巴不得、不得已、不敢当、不像话、不由得、出洋相、恨不得、伤脑筋；他巴不得立刻见到你。
《汉语水平等级标准与语法大纲》；乙032；固定词组“不敢当”"
311,五级,短语,固定短语,其他,得了,《汉语水平等级标准与语法大纲》；乙040；固定词组“得了”
312,五级,短语,固定短语,其他,用不着,"《汉语水平等级标准与语法大纲》；乙029；固定词组“用得着/用不着”
《博雅汉语》准中级加速篇II；第7课；可能补语“用得着/用不着”
《汉语教程》3上；用得着；家里太乱了，用不着的东西就扔了吧。"
313,五级,固定格式,,,从……来看,"《高等学校外国留学生汉语言专业教学大纲》；三、四年级；(一)从……来看；（1）从目前的局势来看，要挽回败局还是有可能的。（2）从以往的经验来看，基本上没有问题。
《成功之路》进步篇3第30课；固定表达“从……来看”；表示根据某种情况做出某种判断
《汉语教程》3上；从……来看；从现在的情况来看，他下星期出院没问题。"
314,五级,固定格式,,,到……为止,"《汉语水平等级标准与语法大纲》；丙228；固定格式“到……为止”
《HSK考试大纲》；六级；固定格式“到……为止”；到目前为止，学者们还没有完全揭开“一见钟情”的秘密。
《新实用汉语教程》6；其他词语例解：必然、为止、为……而、难以、日常、无法、丝毫、历来"
315,五级,固定格式,,,够……的,《汉语教程》3上；够；今年夏天天气够热的。
316,五级,固定格式,,,拿……来说,"《HSK考试大纲》；三级；固定格式“拿……来说”；“王”现在是中国第一大姓，在中国，姓王的人有9000多万。拿我们家来说，我姓王，我妈和我妻子也姓王，是不是很有意思？
《汉语水平等级标准与语法大纲》；固定格式“拿……来说”
《成功之路》进步篇3第27课；固定表达“拿……来说”；表示从某个方面提出话题。
《汉语教程》3下；拿……来说；拿北京的服务水平来说，还有很多问题应该解决。
《体验汉语》；固定表达“拿……来说”"
317,五级,固定格式,,,A的A，B的B,无
318,五级,固定格式,,,在……看来,"《HSK考试大纲》；四级；固定格式“在……看来”；在很多人看来，听流行音乐仅仅是年轻人的爱好，京剧、老歌才是老年人的最爱。
《汉语水平等级标准与语法大纲》；丙223；固定格式“在……看来”"
319,五级,句子成分,宾语,,宾语的语义类型1：（1）施事宾语；（2）受事宾语,"《汉语水平等级标准与语法大纲》；乙071；2.施事宾语；前边走过来一位护士。椅子上坐着一个猴子。
《汉语水平等级标准与语法大纲》；乙070；1.受事宾语；你们要严肃处理这个问题。今天去采购建筑材料。"
320,五级,句子成分,状语,,多项状语,《高等学校外国留学生汉语言专业教学大纲》；二年级；多项状语的排列次序:一般的次序是：表时间的—表地点的—表语气、范围，程度的—描写动作者的—表目的、依据、关涉的—表方向、对象的—描写动作的。；他几十年来在教学领导岗位上始终勤勤恳恳地为教育下一代忘我地工作着。
321,五级,句子成分,补语,趋向补语,趋向补语4 表示时间意义（引申用法） （1）表示动作行为的开始：动词+上/起来（2）表示动作行为的持续：动词+下去/下来,《博雅汉语》初级起步篇II第11课；趋向补语：V起来
322,五级,句子成分,补语,可能补语,可能补语2：动词+得/不得,"《高等学校外国留学生汉语言专业教学大纲》；二年级；用“得”或“不得”的可能补语:动词/形容词+得/不得；表示由于某种原因能或不能。
（1）A：你试试，这件衣服是不是小了？还穿得穿不得了？
     B：可能还穿得。要是穿不得，就给弟弟吧。
（2）这种植物吃不得，有毒。
（3）那个地方去不得，很不安全。
（4）他身体不好，他住的房间冷不得，热不得，温度得在 21℃左右。"
323,五级,句子成分,补语,程度补语,程度补语2： （1）形容词/心理动词+得+不得了/慌/厉害；（2）动词/形容词+坏/透+了,"（1）形容词/心理动词+得+不得了/慌/厉害
《汉语水平等级标准与语法大纲》；乙074；1.程度补语；她们俩好得不得了。他腰疼得厉害极了。 
《发展汉语》初级下第6课；程度补语（2）；带程度补语的基本句式：（1）形容词/心理动词+极了/死了。如：今天冷极了。（2）形容词/心理动词+得+表示程度的补语（很、不得了、动词短语……）如：今天大家高兴得很程度补语比程度状语更具描写性，有时语气夸张。程度补语和程度状语不能同时使用。
（2）动词/形容词+坏/透+了
《汉语水平等级标准与语法大纲》；丙253；（二）补语 1. 程度补语（1） 形/动+死/透/坏坏透（了）（糟透、次透……）；他什么事做得出来，坏透了。/这批产品次透了。
《汉语水平等级标准与语法大纲》；丙252；（二）补语 1. 程度补语（1） 形/动+死/透/坏急死（了）（困死、愁死、气死、恨死……）；伤口还在发炎，他急死了。/他无故离开了她，她恨死他了。
《汉语水平等级标准与语法大纲》；丙254；（二）补语 1. 程度补语（1） 形/动+死/透/坏看透（了）（吃透、恨透、恶心透、顽固透……）；他什么人的话都不听，顽固透了。/这个人真坏，我把他恨透了。
《汉语水平等级标准与语法大纲》；丙255；（二）补语 1. 程度补语（1） 形/动+死/透/坏想坏（气坏、乐坏……）；儿子不来信，妈妈想坏了。/这件事把我气坏了。"
324,五级,句子成分,补语,状态补语,状态补语2：动词/形容词+得+短语 （1）动词/形容词+得+动词短语（2）动词/形容词+得+主谓短语（3）动词/形容词+得+固定短语,"《汉语教程》1下；状态补语；我每天起得很早。
《汉语教程》2下；状态补语（2）；他感动得不知道说什么好。"
325,五级,句子的类型,特殊句型,“有”字句,“有”字句3： （1）表示存在、具有：主语+有+着+宾语（2）表示附着：主语+动词+有+宾语,"《国际汉语教学课程通用大纲》；一级；动词谓语句—“有”字句：主语+有/没有+宾语；我有一个弟弟。
《成功之路》起步篇1；第8课；存现句—“有”字句（2）；（1）“有”字句可以表示“存在”。 方位短语+有+存在的事物；否定式用“没有”，这时的宾语不能带数量定语。
《成功之路》起步篇1；第2课；“有”字句（1）；（1）“有”字句是由“有”作谓语构成的句子，它的基本意义是表示“领有”“具有”。（2）否定形式用“没”，不用“不”。（3）否定句子，宾语不带数量宾语。
《汉语教程》1下；“有”字句；你有汉语书吗？"
326,五级,句子的类型,特殊句型,“把”字句,“把”字句3：表处置 （1）主语+把+宾语+状语+动词 （2）主语+把+宾语+一+动词 （3）主语+把+宾语+动词+了 （4）主语+把+宾语1+动词+宾语2,《成功之路》顺利篇2；第21课；“把”字句5：把+O+V+其他成分，强调动作对宾语的处置。如：我明天把房间布置一下。/把冰箱里的水果洗一洗。
327,五级,句子的类型,特殊句型,被动句,被动句3：意念被动句,无
328,五级,句子的类型,特殊句型,连动句,连动句3：前后两个动词性词语具有因果、转折、条件关系,无
329,五级,句子的类型,特殊句型,兼语句,兼语句3 表致使：主语+叫/令/使/让+人称代词+动词短语,"《HSK考试大纲》；一级；特殊句型—兼语句：叫；菜做好了，去叫你同学来吃饭。
《HSK考试大纲》；二级；特殊句型—兼语句：让；公司让他去中国工作。
《HSK考试大纲》；四级；特殊句型—兼语句：使；笔记本电脑使人们的生活发生了很大的变化。
《HSK考试大纲》；五级；特殊句型—兼语句：令；这个结果令人失望。
《发展汉语》初级下；第12课；兼语句（2）；句型（2）N1+使/让/叫+N2+Adj./V  如：雨天使/让/叫人不愉快。意义：N1是引起N2做出某种事情或者发生某种变化的原因，N1不是有意要求、命令N2这样做，这一点与句型（1）不同。注意：“让/叫”既能用于句型（1），又能用于句型（2），而“使”不能用于句型（1）。如：老师让/叫我们读书；老师使我们读书（×）。"
330,五级,句子的类型,特殊句型,比较句,比较句5：（1）跟……相比 （2）A+形容词+B+数量补语,"（1）跟……相比
《HSK考试大纲》；四级；固定格式：和/跟……相比；和公共汽车相比，地铁最大的优点就是不会堵车。
（2）A+形容词+B+数量补语
《发展汉语》初级下；第10课；比较句—比较句（5）；基本句式：A+比+B+Adj.+数量词  意义：表示二者差别的具体量。如：姐姐比我大三岁。注意：数量词一定要在形容词后。"
331,五级,句子的类型,复句,选择复句,或是……，或是……,"《汉语水平等级标准与语法大纲》；丁140；（九）连词“或是”
《汉语水平等级标准与语法大纲》；乙104；（五）选择复句“或是……或是……”；或是你去，或是他去，反正你们俩当中得去一个。/或是升学，或是参加工作，由你自己决定。
《桥梁实用汉语中级教程》；或是……或是……；你或是打电话问，或是写信问，怎么都可以。"
332,五级,句子的类型,复句,转折复句,尽管……，但是/可是……,"《HSK考试大纲》；四级；复句—转折关系：“尽管……，可是……”；尽管现在工作很忙，可是到了周末他仍然会约朋友去打球。
《汉语水平等级标准与语法大纲》；乙115；（七）转折复句“尽管……但是（可是、然而、还是……）”；他尽管身体不好，但是仍然坚持工作。/尽管他不接受我的意见，我有意见还要向他提。
《博雅汉语》准中级加速篇I；第5课；复句“尽管……，可（是）” 
《成功之路》进步篇2；第17课；复句“尽管……但（但是/可是）……”；连词，表示让步，是“虽然”的意思，一般用在前一小句，后一小句有“但是、可是、还是、却”等跟它呼应。
《尔雅中文》初级下（2）；第11课；复句“尽管……，……”“尽管……，但是/可是……”；连接转折复句，表示两个分句的意思完全对立。"
333,五级,句子的类型,复句,假设复句,一旦……，就……,无
334,五级,句子的类型,复句,假设复句,要是……，（就）……，否则……,无
335,五级,句子的类型,复句,条件复句,除非……，才……,"《汉语水平等级标准与语法大纲》；丙350；（二）条件复句“除非……才……”；除非有足够的技术力量，才能完成这次任务。/除非你劝他一下，他才会想到休息。
《高等学校外国留学生汉语言专业教学大纲》；二年级；除非把这些东西都搬走，才放得下那些家具。
《国际汉语教学课程通用大纲》；五级；条件复句“除非……，才……”；除非你去，我才去。
《桥梁实用汉语中级教程》；除非；除非过年过节，他才会开这个大灯。"
336,五级,句子的类型,复句,条件复句,除非……，否则/不然……,"《HSK考试大纲》；五级；复句条件关系“除非……，不然……”；除非她的父亲允许，不然她是不能嫁给你的。
《国际汉语教学课程通用大纲》；五级；条件复句“除非……，否则/不然……”；除非再给我们一个星期，否则无法完成任务。
《汉语水平等级标准与语法大纲》；丙349；（二）条件复句“除非……否则（不然）……”；除非你答应我的条件，否则我绝不会帮你这个忙。/除非你有充分理由说服他，不然他是不会同意的。
《高等学校外国留学生汉语言专业教学大纲》；三、四年级；10.除非……，否则……
（1）除非做手术，否则这种病无法根除。
（2）除非坐出租汽车，否则两小时赶不到。"
337,五级,句子的类型,复句,因果复句,……，因而……,"《国际汉语教学课程通用大纲》；五级；因果复句“……，因而……”；这条河河道很窄，因而容易发生水灾。
《汉语教程》3下；因而；屋子里太热，外边太冷，因而老是感冒。"
338,五级,句子的类型,复句,让步复句,即使……，也……,"《国际汉语教学课程通用大纲》；四级；让步复句“即使……，也……”；即使下雨，我们也要去。
《HSK考试大纲》；四级；复句让步关系“即使……，也……”；做自己喜欢的事，即使再困难，也不会觉得辛苦。
《汉语水平等级标准与语法大纲》；丙358；（五）让步复句“即使……也……”；即使他有点小小的不舒服，也一定会表现出高兴的样子。/即使只是接触外文字母，也是快乐的。
《博雅汉语》准中级加速篇I；第8课；复句“即使……也”
《尔雅中文》初级下（1）；第2课；复句“即使……，也……”；前面常表示一种假设的情况，后面表示结果或结论不受这种情况的影响。
《发展汉语》初级下；第25课；复句让步复句“即使……也”；基本句式：即使A也B，这个句式所表示的意思是B不受A的影响，分两种情况：（1）A是未然条件，也就是说这种条件现在不存在，或者根本不可能出现，只是一种极端情况的假设。如：即使明天下大雪，我们也要去长城。（2）A是已然条件，不是假设，也就是说这种条件是一种实际存在的极端的情况。如：她每天来上课，即使生病了也不休息。
《汉语教程》3上；即使；明天即使下雨我们也去。
《现代汉语高级教程》上；假设复句：相背关系；即使你亲自去，也解决不了什么问题。
《新实用汉语教程》4；复句“即使……，也……”"
339,五级,句子的类型,复句,目的复句,……，为的是……,"《汉语水平等级标准与语法大纲》；乙116；（八）目的复句“……为的是……”；她早起晚睡，为的是学好汉语。/他六点起床，为的是去医院看朋友。
《博雅汉语》准中级加速篇II；第15课；固定表达“为的是”"
340,五级,句子的类型,复句,目的复句,……，以便……,"《国际汉语教学课程通用大纲》；六级；目的复句“……，以便……”；请告诉我你的电话号码，以便以后联系。
《汉语水平等级标准与语法大纲》；丙395；（十）目的复句“……，以便……”；我们要吸取教训，总结经验，以便今后使我们少犯错误。/我给你们复印了不少资料，以便供大家参考讨论。
快把火车票准备好，免得耽误别人的时间。；二年级；失败了不要紧，要很好地总结，以便做好今后的工作。
《桥梁实用汉语中级教程》；以便；家长们应以身作则，以便给孩子们树立良好的榜样。
《现代汉语高级教程》上；目的复句；明天请大家把材料带齐，以便讨论。"
341,五级,句子的类型,复句,紧缩复句,没有……就没有……,"《汉语水平等级标准与语法大纲》；乙110；（六）假设复句“没有……就没有（不）……”；没有太阳，就没有月亮。/没有法律，就不会有民主和平等。
《汉语水平等级标准与语法大纲》；丙399；（十一）紧缩复句“没有……就没有……”；没有国家的富强就没有个人的幸福。/没有你们的挽救就没有他的今天。"
342,五级,句子的类型,复句,紧缩复句,再……也……,"《HSK考试大纲》；四级；固定格式：再……也……；每个人都有缺点，再优秀的人也一样。
《国际汉语教学课程通用大纲》；五级；紧缩复句：再……也……；我再累也要把作业做完。
《汉语水平等级标准与语法大纲》；丙398；（十一）紧缩复句：再……也……；狐狸再狡猾也斗不过好猎手。再困难也得让孩子上学。
《新实用汉语教程》5；复句句子结构：哪怕……，也/都……； 再……也……"
343,五级,句子的类型,复句,多重复句,二重复句1：单句+复句；复句+单句,"《成功之路》冲刺篇2；第12课；复句二重复句心灵关怀复句中的分句能进行第二个层次分析的，叫二重复句。
《汉语水平等级标准与语法大纲》；丁460；十  多重复句（一）二重复句1. 单句+复句（或复句+单句）；我不同意这种做法，因为这不仅违背了大多数职工的愿望，而且对企业的发展也没有什么好处。
《汉语水平等级标准与语法大纲》；丁461；十  多重复句（一）二重复句1. 单句+复句（或复句+单句）；只要你课上认真听讲，课下好好复习，你的成绩肯定会提高。
《汉语水平等级标准与语法大纲》；丁462；十  多重复句（一）二重复句1. 单句+复句（或复句+单句）；为了这样的理想，付出毕生精力的人，不管他的事业在当时的人们看来是重要还是不重要，也不管他所从事的事业是成功了还是失败了，他都不失为一个值得赞扬的人物。
《汉语水平等级标准与语法大纲》；丁463；十  多重复句（一）二重复句1. 单句+复句（或复句+单句）；我赞美白杨树，就因为它不但象征了北方的农民，尤其象征了我们民族解放斗争中所不可缺少的朴实、坚强、力求上进的精神么。
《汉语水平等级标准与语法大纲》；丁464；十  多重复句（一）二重复句1. 单句+复句（或复句+单句）；我不感兴趣，虽然听了，一个也没有记住。
《汉语水平等级标准与语法大纲》；丁465；十  多重复句（一）二重复句1. 单句+复句（或复句+单句）；虽说故乡，然而已没有家，所以只得暂寓在鲁四老爷的宅子里。
《高等学校外国留学生汉语言专业教学大纲》；二年级；多重复句(二重复句)：
1.复句+单句或单句+复句
①他才三十出头，但是他非常认真，所以段所长总是把一些重要的任务交给他。
②我对这个戏不感兴趣，虽然看了好几遍，可留下的印象并不深。
2.复句+复句
①承认不懂，才能从不懂变懂；承认不会，才能从不会变会。
②你长大了，成熟了，而且人品好，医术高，你是个很不错的医生了。"
344,五级,强调的方法,,,用“再也不/没”表示强调,"《高等学校外国留学生汉语言专业教学大纲》；二年级；(九)用“再也不……”表示强调；（1）这个倒霉的地方，我再也不来了。（2）小高说：以后要好好工作了，再也不胡闹了。
《博雅汉语》初级起步篇II；第23课；固定表达“再也不/没+V”
《成功之路》进步篇2；第15课；固定表达“再也不……”；动作不重复或不继续下去。
《新实用汉语教程》5；其他词语例解：曾经、好（V）、满、十分、成、再也没/不、以上、至少"
345,五级,强调的方法,,,用副词“可”表示强调,"《博雅汉语》准中级加速篇I；第14课；副词 可
《体验汉语》；副词“可”“更”
《汉语水平等级标准与语法大纲》；乙014；语气副词“倒、准、到底、果然、千万、难道、究竟、恐怕、尽管、尽量、大约、差点儿、并（不/没）、决（不/没）、毫（不/没）、可（你可不能这么说）"
346,五级,强调的方法,,,用“怎么都/也+不/没”表示强调,《高等学校外国留学生汉语言专业教学大纲》；二年级；(八)用“怎么……也(都)不……”强调否定；（1）就那么几句话，我怎么(说)也说不明白，真是笨死了。（2）大家怎么劝他，他都不听。
347,五级,口语格式,,,X也不是，Y也不是,《汉语水平等级标准与语法大纲》；丁381；（八）口语格式“……X1也不是，X2也不是”；我这腰疼得厉害，站也不是，躺也不是。/他那话呀，说得人哭也不是，笑也不是。
348,五级,口语格式,,,X也X不得，Y也Y不得,无
349,五级,口语格式,,,X是它，Y也是它,《汉语水平等级标准与语法大纲》；丁392；（八）口语格式“……是它，……也是它”；这公共汽车真难坐，等一个小时是它，等两个小时也是它。/出国办签证真难呀，办一个月是它，办两个月也是它。
350,五级,口语格式,,,X着也是X着,《汉语水平等级标准与语法大纲》；丁389；（八）口语格式“X着也是X着，不如……”；在家呆着也是呆着，不如出去找点活儿干，挣点儿钱。/在农村窝着也是窝着，还不如到南方去打工。
351,五级,口语格式,,,X归X，Y归Y,《汉语水平等级标准与语法大纲》；丙322；（十）口语格式“X1是／归X1，X2是／归X2…… ”；说是说，做是做，不要影响干活儿。/你家是你家，我家是我家，不能混淆。/这事好说，咱们桥归桥，路归路，不会发生冲突的。
352,五级,口语格式,,,不管怎样说,《汉语水平等级标准与语法大纲》；丙341；（十）口语格式“甭管怎么说（不管怎样说）”；甭管怎么说，他也不至于这样坏。/甭管怎么说你也是给厂长当了这么多年的秘书了。
353,五级,口语格式,,,看你X的/瞧他X的,《汉语水平等级标准与语法大纲》；丙338；（十）口语格式“看你X的（瞧他X的）”；看你说的，我哪又那么大本事。（我保证考个第一。）/看他吹的。
354,五级,口语格式,,,真有你/他/她的,无
355,五级,口语格式,,,X什么X,无
356,五级,口语格式,,,什么X不X（的）,"《汉语水平等级标准与语法大纲》；丁403；八 、口语格式 什么X不X的；什么好吃不好吃的，只要填饱肚子就行。/什么好看不好看的，能穿就行。
《汉语水平等级标准与语法大纲》；丙329；十、 口语格式 什么X不X（的）；…… 什么农村不农村，只要工作需要去哪儿都一样。/什么司令不司令的，我不管他是谁。"
357,五级,句群,形式分类,用代词复指,（1）用人称代词复指（2）用指示代词复指（3）各种代词相间使用,"（1）用人称代词复指
《汉语水平等级标准与语法大纲》；丁478；十一 句群（一） 语法句群的形式标志1．带复指代词（1）人称代词；电视与社会生活密切相关。它带给人们的喜怒哀乐不知有多少。围绕它所发生的故事一个接一个。
（2）用指示代词复指
《汉语水平等级标准与语法大纲》；丁479；十一 句群（一） 语法句群的形式标志1．复指代词（2） 指示代词；在中亚地区，盛产一种特殊的草，这就是指南针草。这种草在阳光照射下，叶子总是由北方指向南方，人们根据叶尖的位置就能辨别方向，这给旅行的人们带来很大方便。
（3）各种代词相间使用
《汉语水平等级标准与语法大纲》；丁481；十一 句群（一） 语法句群的形式标志1.带复指代词（4）各种代词相间使用；《中国高等学校大全》（第二版）一书在国家教育委员会各有关司局的支持下，由高等教育出版社1994年出版。这是一部综合性大型资料工具书，它的出版，对促进国内外学术交流与合作，起到了积极的作用。
《汉语水平等级标准与语法大纲》；丁482；十一 句群（一）语法句群的形式标志1． 带复指代词（4）各种代词相间使用；不尽责任的人，本身就不具备生存的能力，尽管他可能很有才华。因为任何一种团体或组织，都要求个人价值、个人责任与团体价值的统一，由此，团体或组织才具备生存的能力。"
358,五级,句群,形式分类,带省略成分,（1）省略主语（2）省略宾语,"（1）省略主语
《汉语水平等级标准与语法大纲》；丁487；十一 句群（一）语法句群的形式标志3．带省略成分（1）：省略主语；考上大学了，我不得不和奶奶告别，想到以后再也没有人嘱咐我，关心我，心里好像失去了什么。离家那天，亲人都出来送我，惟独没有奶奶，我有点儿失望。在走出老远以后，我回过头来看有没有奶奶时，突然发现一个瘦小的影子急忙从胡同里赶出来，扶着墙角说：“到了学校，赶快给家里写信……”
（2）省略宾语
《汉语水平等级标准与语法大纲》；丁488；十一 句群（一）语法句群的形式标志3．带省略成分（2）：省略宾语；猴子特别善于跳跃，而且它们整天隐藏在高大茂密的树林之中，不要说拍摄，能够看到它们的影子都不容易。为了接近这种行动敏捷的 动物，我们一次次地跟着叫声寻找，想尽办法接近它们。"
359,六级,语素,前缀,,类前缀：超-、多-、反-、无-、亚-、准-,"反—
《汉语水平等级标准与语法大纲》；丁013；（一） 粘着语素 2. 词头（前缀）：反；（反面、反思、反感、反攻、反作用……）
无—
《汉语水平等级标准与语法大纲》；丁015；（一） 粘着语素 2. 词头（前缀）：无；（无理、无穷、无限、无效、无知……）
准—
《汉语水平等级标准与语法大纲》；丁016；（一） 粘着语素 2. 词头（前缀）：准；（准宾语、准动词、准平原、准北京人……）"
360,六级,语素,后缀,,类后缀：-化、-式、-型、-性,"—化
《汉语水平等级标准与语法大纲》；丙011；(一) 粘着语素2. 词尾(后缀)：化；(恶化、工业化、革命化，水利化、电气化……)
—式
《汉语水平等级标准与语法大纲》；丙017；（一）粘着语素2. 词尾(后缀)：式；（旧式、新式、男式、女式、闭幕式……）
—型
《汉语水平等级标准与语法大纲》；丁012；（一） 粘着语素1. 词尾（后缀）：型；（小型、新型、中型、重型……）
—性
《汉语水平等级标准与语法大纲》；丙012 ；（一）粘着语素2 词尾（后缀）：性；（积极性、科学性，传染性、流行性、装饰性……）"
361,六级,词类,代词,指示代词,本、此,"本
《国际汉语教学课程通用大纲》；六级；代词—指示代词：本、本身；本校、本国、生活本身就是复杂的。"
362,六级,词类,量词,名量词,餐、串、滴、副、股、集、枝,"串
《国际汉语教学课程通用大纲》；六级；量词—名量词：磅、串、栋、副、枚、束、艘、枝、株、幢、组、番；一栋房子、一枚硬币
《汉语水平等级标准与语法大纲》；丙091；名量词“成、伙、丸、盏、串”
滴
《国际汉语教学课程通用大纲》；五级；量词：片、册、滴、顶、项、克、吨、幅、根、节、颗、粒、批、阵、支；一片云、一册书
副、枝
《国际汉语教学课程通用大纲》；六级；量词—名量词：磅、串、栋、副、枚、束、艘、枝、株、幢、组、番；一栋房子、一枚硬币"
363,六级,词类,量词,动量词,番、声、趟,"番
《汉语水平等级标准与语法大纲》；丙092； 动量词：番
《国际汉语教学课程通用大纲》；六级；量词—动量词：番；讨论一番
《HSK考试大纲》；六级；数量词—动量词：番；又经过一番搜寻，它终于找到了一个可以进入葡萄园的小洞。
趟
《汉语水平等级标准与语法大纲》；乙010；动量词：趟、顿
《国际汉语教学课程通用大纲》；四级；量词—动量词：遍、趟、回；这本书我看了三遍。
《HSK考试大纲》；四级；数量词—动量词：趟；去年放暑假的时候，我去了一趟北京动物园。
《体验汉语》；数量—动量词“趟”"
364,六级,词类,副词,程度副词,特、异常,无
365,六级,词类,副词,范围、协同副词,尽、净、一齐、一同,"净
《汉语水平等级标准与语法大纲》；丙119；范围、程度副词：净
一同
《汉语水平等级标准与语法大纲》；乙012；范围副词“到处、光、一同、一块儿、仅、仅仅”"
366,六级,词类,副词,时间副词,时时、一时、早晚,"一时
《汉语水平等级标准与语法大纲》；乙011；时间副词：临、将、直、曾经、从来、始终、 一时、先后、终于、往往、都（2）”（现在都八点了。） 老（我老（是）见不到他。）回头（回头见）
《高等学校外国留学生汉语言专业教学大纲》；二年级；一时
《新实用汉语教程》5；其他词语例解：躲、格外、决不、忽然、正、起先、飞来飞去、一时
《汉语教程》3上；一时；我一时想不起来她叫什么名字了。
《博雅汉语》准中级加速篇II；第2课；数量“一时”
早晚
《汉语水平等级标准与语法大纲》；丙112；时间副词 早晚 
《高等学校外国留学生汉语言专业教学大纲》；二年级；早晚"
367,六级,词类,副词,关联副词,便,"《HSK考试大纲》；五级；副词 ：便1；朋友看到他写的“常想一二”四个字便问他是什么意思。
《HSK考试大纲》；五级；副词 ：便2；他终于发现，原来世界上最宝贵的东西便是自己的家。
《高等学校外国留学生汉语言专业教学大纲》；二年级；便"
368,六级,词类,副词,方式副词,不禁、赶忙、亲眼、特地、特意,"不禁
《汉语水平等级标准与语法大纲》；丙110；语气副词：不禁
《新实用汉语教程》5；其他词语例解：谢天谢地、勉强、原来、总而言之、因此/因而、并、只好、然而、不禁
《桥梁实用汉语中级教程》；不禁；他看着看着信，不禁落下了眼泪。
《汉语教程》3上；不禁；听着、听着，他不禁笑起来。
赶忙
《桥梁实用汉语中级教程》；赶忙；电话铃刚一响，桂兰就赶忙去接了。
亲眼
《汉语水平等级标准与语法大纲》；丙125；情态副词：亲眼
《桥梁实用汉语中级教程》；亲眼；刚才我亲眼看见小陈把捡到的皮包交到了派出所。
特意
《HSK考试大纲》；六级；副词：特意；他特意将我安排在最有利的位置上。
《汉语教程》3下；特意；这是我特意为你买的生日礼物。"
369,六级,词类,副词,情态副词,仿佛,《汉语教程》3下；仿佛；他热情地招待着客人，仿佛他是这里的主人似的。
370,六级,词类,副词,语气副词,才3、刚好、偏、恰好,"偏
《高等学校外国留学生汉语言专业教学大纲》；二年级；偏
《桥梁实用汉语中级教程》；偏；我不愿意来，你偏逼我来。
《汉语教程》3上；偏（偏偏）；爸爸不叫她做什么，妹妹偏做什么。
恰好
《高等学校外国留学生汉语言专业教学大纲》；二年级；恰好
《汉语水平等级标准与语法大纲》；丙114；时间副词 恰好
《桥梁实用汉语中级教程》；恰好；这个教室恰好有二十个座位。"
371,六级,词类,介词,引出时间、处所,于,"《HSK考试大纲》；五级；介词：于1；考试成绩于7月20日公布。
《HSK考试大纲》；五级；介词：于2；这所大学位于北京的西北部。
《HSK考试大纲》；五级；介词：于3；科学家们发现植物对光的颜色有选择性，不同的植物喜欢不同颜色的光。这一发现可应用于农业生产上。
《国际汉语教学课程通用大纲》；六级 ；介词于；动词+于+时间/地点+于+时间/地点+动词（短语）；鲁迅生于1881年。 您的来信已于昨日收到。
《高等学校外国留学生汉语言专业教学大纲》；二年级；于
《成功之路》进步篇3；第33课 ；介词；介词“于”；当介词“于”用在动词后时，可表示时间、处所、来源、对象，等等。用于书面语。
《桥梁实用汉语中级教程》；于；这次的考试题难于上次。
《现代汉语高级教程》中；于；长江发源于青藏高原。"
372,六级,词类,介词,引出方向、路径,沿（着）,"《汉语水平等级标准与语法大纲》；乙016；介词—引出空间：“以、自、由、沿、顺”
《国际汉语教学课程通用大纲》；五级；介词：顺（着）、沿（着）；顺（着）/沿（着）+名词（短语）；顺着这条路一直往前走。
《汉语教程》3下；沿；沿河种着很多树。"
373,六级,词类,介词,引出对象,同1、与1,无
374,六级,词类,介词,引出对象,至于,"《国际汉语教学课程通用大纲》；五级；介词：至于……；我们决定明年结婚，至于具体时间还要再商量。
《HSK考试大纲》；五级；介词：至于；对于应聘的人，我们会看看他的相关专业能力强不强，至于他毕业于哪所大学，通常不在我们考虑范围之内。
《高等学校外国留学生汉语言专业教学大纲》；二年级；至于
《桥梁实用汉语中级教程》；至于；这只是我的建议，至于是否采纳，要由领导决定。
《汉语教程》3上；至于；我知道麻婆豆腐是四川菜，至于怎么做的，我就不知道了。
《成功之路》进步篇3；第35课；介词至于；在本课中，“至于”是介词，用来引进另一个话题。用在小句或句子的开头，后面是引进的话题。（2）“至于”除了是介词以外，还可以是动词，表示发展到某种程度。一般常用否定形式“不至于”。"
375,六级,词类,介词,引出目的、原因,因,无
376,六级,词类,介词,表示排除,除,《汉语水平等级标准与语法大纲》；丙127；介词：除
377,六级,词类,介词,引出凭借、依据,据,《高等学校外国留学生汉语言专业教学大纲》；二年级；据
378,六级,词类,连词,连接词或词组,而2、同2、与2,"而2
《HSK考试大纲》；四级；连词：而1；孩子眼中的世界是美丽而奇特的，各种各样的“为什么”吸引着他们的眼睛。
《高等学校外国留学生汉语言专业教学大纲》；二年级；而
《博雅汉语》准中级加速篇I；第13课；连词而
与2
《高等学校外国留学生汉语言专业教学大纲》；二年级；与"
379,六级,词类,连词,连接分句或句子,不料、可3、若,"不料
《汉语教程》3上；不料；已经是春天了，不料，竟下起了雪。
《成功之路》进步篇1；第12课；连词：不料；连词，没有想到。
若
《汉语水平等级标准与语法大纲》；丙133；连词：若
《新实用汉语教程》6；其他词语例解：深究、且、不免、逐一、于是、若、凡、一丝一毫"
380,六级,词类,助词,结构助词,所,"《高等学校外国留学生汉语言专业教学大纲》；二年级；所
《HSK考试大纲》；五级；助词：所；一个人所取得的成果，与他所付出的努力有着极大的关系。"
381,六级,词类,助词,语气助词,罢了、啦、嘛,"罢了
《高等学校外国留学生汉语言专业教学大纲》；二年级；罢了
《高等学校外国留学生汉语言专业教学大纲》；三、四年级；表示仅此而已，对句子所表示的意思起减轻的作用，含有无足轻重的意昧。
（1）我看，他不过说说罢了，不会真的去做。
（2）我只想了解一下情况罢了，没有别的意思。
嘛
《高等学校外国留学生汉语言专业教学大纲》；二年级；嘛
《体验汉语》；助词：嘛"
382,六级,短语,结构类型,基本结构类型,数词+形容词+量词,无
383,六级,短语,固定短语,四字格,或A或B,《汉语教程》3下；或……或……；几乎每天都有交通事故发生，或大或小。
384,六级,短语,固定短语,四字格,无A无B,《桥梁实用汉语中级教程》；无……无……；你无灾无病的，吃什么药？
385,六级,短语,固定短语,四字格,A这A那,无
386,六级,短语,固定短语,四字格,左A右B,《汉语水平等级标准与语法大纲》；丙233；固定格式 左说右说
387,六级,短语,固定短语,其他,不怎么,无
388,六级,短语,固定短语,其他,不怎么样,《汉语水平等级标准与语法大纲》； 丙221；固定词组（三）其他：不怎么样
389,六级,短语,固定短语,其他,好（不）容易,"《汉语水平等级标准与语法大纲》；乙049；固定词组：好容易（好不容易）
《桥梁实用汉语中级教程》；好容易；我去了好几个书店，好容易才买到这本词典。
《汉语教程》3下；好容易；我好容易才找到他家。
《成功之路》进步篇2；第17课；固定表达：好（不）容易；常和“才”连用，用在叙述事情已经完成的动词前。也说“好容易”。
《博雅汉语》初级起步篇II；第8课；固定表达：好不容易/好容易才……"
390,六级,短语,固定短语,其他,那倒（也）是,无
391,六级,短语,固定短语,其他,就是说/这就是说,《汉语水平等级标准与语法大纲》；乙047；固定词组：就是说
392,六级,短语,固定短语,其他,算了,"《汉语水平等级标准与语法大纲》；乙039；固定词组：算了
《博雅汉语》准中级加速篇II；第9课；固定表达算了"
393,六级,固定格式,,,A一+量词，B一+量词,无
394,六级,固定格式,,,东一A，西一A,《汉语水平等级标准与语法大纲》；丙248；固定格式：东一句西一句
395,六级,固定格式,,,为了……而……,"《HSK考试大纲》；四级；固定格式：为了……而……；植物会为了阳光、空气和水而竞争。
《博雅汉语》准中级加速篇II；第2课；复句为了……而"
396,六级,句子成分,宾语,,宾语的语义类型2： （1）处所宾语（2）结果宾语,无
397,六级,句子成分,补语,趋向补语,趋向补语5 表示状态意义（引申用法）：动词/形容词+下来/下去/起来/过来,《汉语水平等级标准与语法大纲》；甲079；复合趋向补语：动＋上来（上去、下来、下去、进来、进去、出来、出去、回来、回去、过来、过去、起来）；他走上来了。/她走上去了。/他从楼上走下来。/你把画儿从墙上拿下去。/他跑进图书馆去了。/请你把书带回来。/我得把汽车开回去。/你把自行车骑过来。/他笑着站起来。
398,六级,句子的类型,特殊句型,“把”字句,“把”字句4：表致使 （1）主语（非生物体）+把+宾语+动词+其他成分 （2）主语+把+宾语（施事）+动词+其他成分,"（2）主语+把+宾语（施事）+动词+其他成分
《国际汉语教学课程通用大纲》；六级；“把”字句（表致使）；主语+把+宾语+动词短语；把他气得一夜没睡。
《高等学校外国留学生汉语言专业教学大纲》；三、四年级；1.表示致使义的“把”字句；
（1）看这点儿活儿把你累成这个样子！
（让你累成这个样子）
（2）她这一句话把我高兴得不知怎么好。
（使我高兴得不知怎么好)
（3）我半年不在，怎么就把个活蹦乱跳的孩子没了？"
399,六级,句子的类型,特殊句型,被动句,被动句4：主语+被/叫/让+宾语+给+动词+其他成分,《汉语水平等级标准与语法大纲》；甲096；被动句： 主+“被/叫/让”+宾+给+动+其它成分；他的自行车叫小王给骑走了。/面包早被他给吃掉了。/这件事差点儿让我给忘了。
400,六级,句子的类型,复句,并列复句,时而……，时而……,"《国际汉语教学课程通用大纲》；六级；并列复句：时而……，时而……；这几天时而晴天，时而下雨。
《汉语水平等级标准与语法大纲》；丁413；（一） 并列复句  时而……时而……；舞场内，灯光时而明亮时而暗淡、时而红紫、时而青绿，对人的眼睛很不利。这里的气候多变，时而狂风暴雨，时而又晴朗得连一点儿云彩也没有。"
401,六级,句子的类型,复句,并列复句,一时……一时……,《汉语水平等级标准与语法大纲》；丙346；（一） 并列复句 一时……一时……；他一时走到我床边，一时又坐下去。/袁第光正在赶写一篇宣言，一时被夫人从书桌上赶走，一时又被她从饭桌上赶走。
402,六级,句子的类型,复句,承接复句,……便……,《汉语水平等级标准与语法大纲》；丙357；（四） 承接复句 ……（又）……便……；送她上了飞机，我便回来了。/她小心探下身去，又过了一道门，便到了一个小湖边了。
403,六级,句子的类型,复句,递进复句,不但不/不但没有……，反而……,"《汉语水平等级标准与语法大纲》；丁421；（三）递进复句 不但……反而……；他不但不改正错误，反而变本加厉了。/你在困难的时候帮助了她，她不但不感激你，反而对你有仇了。
《国际汉语教学课程通用大纲》；五级；递进复句：不但不/没……，反而……；风不但没停，反而越来越大了。
《HSK考试大纲》；五级；复句—递进关系：不但不/不但没有……，反而……；这样不但没有解决已有的问题，反而还会产生新的矛盾。
《新实用汉语教程》4；复句不但不/没……，反而……"
404,六级,句子的类型,复句,递进复句,不是……，还/还是……,无
405,六级,句子的类型,复句,递进复句,连……都/也……，……更……,无
406,六级,句子的类型,复句,选择复句,要么……，要么……,"《汉语水平等级标准与语法大纲》；丁430；（五）选择复句 要么……要么……；要么打长途电话，要么赶快发传真，必须尽快通知对方。/要么就去听相声，要么就去听音乐，别处我不去。
《高等学校外国留学生汉语言专业教学大纲》；二年级；这个东西千万不能弄丢了，要么自己保存起来，要么请别人保存起来。
《新实用汉语教程》4；复句要么……，要么……
《成功之路》进步篇1；第1课；复句要么……要么……；安妮的日记两个“要么”连用，分别放在两个小句的前面，表示两种不同的选择。一般用在口语中。"
407,六级,句子的类型,复句,转折复句,虽……，但/可/却/也……,"《汉语水平等级标准与语法大纲》；丙366；（七） 转折复句 虽……但……；他每天上班下班虽忙，但内心里却很平静。/孩子们虽失去了父母，但有更多的人在关心着他们。
《汉语水平等级标准与语法大纲》；丙373；（七） 转折复句  虽……却（但、可、也）……；他虽不是北京人，却能说一口标准的普通话。/此事虽小，但关系甚大。"
408,六级,句子的类型,复句,假设复句,……，要不然/不然……,"《汉语水平等级标准与语法大纲》；丙380；（八） 选择复句 要不（要不然）……；我们已经在这里等了他两个小时了，要不还是先回去吧。/这个练习题我们都不会做，要不去找郑教授吧。
《国际汉语教学课程通用大纲》；五级；转折复句：……，要不/要不然/否则/不然（的话）……；我们必须马上出发，要不就迟到了。
《高等学校外国留学生汉语言专业教学大纲》；三、四年级；4.(如果)……，再不然(要不然)……；（1）他如果不在办公室，就在上课，再不然就去开会了（2）这次得请老李亲自跟他们打交道，要不然这事就办不成了。"
409,六级,句子的类型,复句,条件复句,凡是……，都……,"《汉语水平等级标准与语法大纲》；丙347 ；（二） 条件复句 凡是……都……；凡是重要的问题，都应当经过集体讨论。/凡是技术性强的工作，都必须由专家分工负责。
《高等学校外国留学生汉语言专业教学大纲》；二年级；凡是交给他的任务，他都完成得很好。
《成功之路》进步篇1；第11课；复句凡是……都……；凡是，副词，表示在一定范围内没有例外。"
410,六级,句子的类型,复句,让步复句,就算/就是……也……,"《汉语水平等级标准与语法大纲》；丁455；（十一） 让步复句 就算……（那）……；就算我们能提出更好的方案，那又有什么用呢？/就算我们大家今晚都不睡觉，（那）也抄不完这么多卡片呀！”
《国际汉语教学课程通用大纲》；六级；让步复句：即便/就算……，也……；即便工作上取得了很大的成就，也不能骄傲自满。
《高等学校外国留学生汉语言专业教学大纲》；三、四年级；1.就算……，也(又)……；（1）就算能找到一份工作，如果工资太低，也没法维持一家人的生活。（2）如果不加倍努力，就算这次考试能勉强及格，恐怕期末考试也难通过。
《汉语教程》3下；就是……也……；就是赢了这场比赛，他们队也进不了决赛。
《新实用汉语教程》3；复句：就是……也……
《汉语水平等级标准与语法大纲》；乙121；（十） 让步复句 就是……也……；就是领导不在，我们也要把工作照常做好。/就是事情没办好，也要谢谢你。"
411,六级,句子的类型,复句,紧缩复句,不……不……,"《国际汉语教学课程通用大纲》；三级；紧缩复句：不……不……；你不去我也不去。
《汉语水平等级标准与语法大纲》；乙123；（十一）紧缩复句 不……不……；你不去不行。不重要就不这样着急了。"
412,六级,句子的类型,复句,多重复句,二重复句2：复句+复句,"《汉语水平等级标准与语法大纲》；丁466；十  多重复句（一）二重复句2. 复句+复句；桥洞不是普通半圆形，而是像一张弓，因为上面的道路没有陡坡，便于车马上下。
《汉语水平等级标准与语法大纲》；丁467；十  多重复句（一）二重复句2. 复句+复句；虽然是满月，天上却有一层淡淡的云，所以不能朗照，但我以为这恰是到了好处。
《汉语水平等级标准与语法大纲》；丁468；十  多重复句（一）二重复句2. 复句+复句；任何思想，如果不和客观的实际的事物相联系，如果没有客观存在的需要，如果不为人民群众所掌握，即使是最好的东西，即使是再好的理论，也是不起作用的。
《汉语水平等级标准与语法大纲》；丁469；十  多重复句（一）二重复句2. 复句+复句；承认不懂，才能从不懂变懂；承认不会，才能从不会变会。
《汉语水平等级标准与语法大纲》；丁470；十  多重复句（一）二重复句2. 复句+复句；我诅咒吃人的人，先从他起头；要劝转吃人的人，也先从他下手。
《汉语水平等级标准与语法大纲》；丁471；十  多重复句（一）二重复句2. 复句+复句；中国的革命是长期的，伟大的，但革命以后的路程更长，工作更伟大，更艰苦。"
413,六级,强调的方法,,,用“非……不可”表示强调,"《汉语水平等级标准与语法大纲》；乙093；（五）用“非……不可”强调；这道题你非答不可。要学好一门语言，非下苦功夫不可。
《高等学校外国留学生汉语言专业教学大纲》；二年级；(六)用“非……不可”表示强调；（1）小王这个人骄傲得很，今天他非碰钉子不可。（2）解决这个难题非他不可。
《桥梁实用汉语中级教程》；非……不可；买火车票的事非你不可。
《汉语教程》3上；非……不可；我非把这件事办成不可。
《博雅汉语》准中级加速篇II；第1课；固定表达 非……不可
《博雅汉语》初级起步篇II；第23课；固定表达 非……不可"
414,六级,口语格式,,,X到Y头上来了,《汉语水平等级标准与语法大纲》；丙339；十、语格式 X1到X2头上来；他欺负到我的头上来了，也太大胆了吧！/竟然骗到我们头上来了，也不打听打听我们是谁？
415,六级,口语格式,,,X就X吧,《汉语水平等级标准与语法大纲》；丙404；八、口语格式：X就X吧。；倒霉就倒霉吧，再伤心也没用。/让他吹就吹吧，你何必管这么多呢？
416,六级,口语格式,,,X是X,《汉语水平等级标准与语法大纲》；丁407；八、口语格式 X是X……；听是听清楚了，就是记不住，老是忘。/他们早已上火车了，赶是赶不上了。
417,六级,口语格式,,,不X不……，一X……,《汉语水平等级标准与语法大纲》；丙317；十、口语格式 不X……，一X…… ；不看不要紧，一看出了一身冷汗。/不罚不要紧，一罚罚出乱子来了。
418,六级,口语格式,,,好你个X,《汉语水平等级标准与语法大纲》；丙336；十、口语格式 好你个X；好你个姓王的，拿老太太开玩笑来了。/好你个刘局长，我们的计划全叫你打乱了。
419,六级,口语格式,,,动词+什么（就）是什么,《汉语水平等级标准与语法大纲》；丁406；八、口语格式  动+X（就）是X；我们说话是算数的，说什么就是什么。/是什么问题就是什么问题，不夸大也不缩小。
420,六级,口语格式,,,早（也）不X，晚（也）不X,《汉语水平等级标准与语法大纲》；丁387；八、口语格式 ……早也不……，晚也不……，（偏偏）……；他早也不来，晚也不来，偏偏这时候来。/你们早也不聘任，晚也不聘任，为什么我一走你们就聘任？
421,六级,口语格式,,,看/瞧+把+宾语（施事）+ X 得,无
422,六级,口语格式,,,放着X不Y,《汉语水平等级标准与语法大纲》；丁384；八、口语格式  ……放着……不……，……；你们放着正经事不干，在这儿起什么哄？/你放着领事不干，在这儿当什么职员？
423,六级,口语格式,,,X来X去，都是/就是 ……,《汉语水平等级标准与语法大纲》；丁386；八、口语格式  X来X去，都是（就是）……；说来说去，都是我不好，行了吧？/你们干来干去，就是不出效益。
424,六级,口语格式,,,X了就X了，（没）有……,《汉语水平等级标准与语法大纲》；丙331；十、口语格式:X了就X了呗，（没）有…… ；成功了就成功了呗，有什么好吹的。/输了就输了呗，没有什么好灰心的。
425,六级,口语格式,,,这/那也不X，那/这也不Y,《汉语水平等级标准与语法大纲》；丙320；十、口语格式:这／那也不……，那／这也不……；这也不行，那也不行，到底怎么才行？/这也不叫吃，那也不让穿，你们要我怎么做？
426,高等,词类,动词,能愿动词,需,无
427,高等,词类,代词,疑问代词,何,"《汉语水平等级标准与语法大纲》；丁067；（二） 代词：何
《汉语水平等级标准与语法大纲》；丁044；（二） 自由语素：何（何必、何等、何况/为何、无可奈何、无论如何……）
《现代汉语高级教程》中；何；何人获奖，最后一刻才能见分晓。"
428,高等,词类,代词,指示代词,该、另、兹,"另
《HSK考试大纲》；四级；代词—指示代词：另；她最近特别忙。一方面她要准备成绩证明、办护照和签证，另一方面还要跟国外的大学联系。
《体验汉语》；其他“另”"
429,高等,词类,量词,名量词,（1）栋、粒、枚、则、盏（2）复合量词：人次,"（1）栋、粒、枚、则、盏
《国际汉语教学课程通用大纲》；六级；量词—名量词；磅、串、栋、副、枚、束、艘、枝、株、幢、组、番；一栋房子、一枚硬币
《国际汉语教学课程通用大纲》；五级；量词：片、册、滴、顶、项、克、吨、幅、根、节、颗、粒、批、阵、支一片云、一册书
《汉语水平等级标准与语法大纲》；丁094；（六） 量词 1. 名量词：栋
《汉语水平等级标准与语法大纲》；丁097；（六） 量词 1. 名量词：枚
《汉语水平等级标准与语法大纲》；丙091；名量词；成、伙、丸、盏、串
（2）复合量词：人次
《汉语水平等级标准与语法大纲》；丁100；（六） 量词 2.复合量词：人次 
《高等学校外国留学生汉语言专业教学大纲》；二级；(1)复合量词，如：人次、架次、车次、吨公里、秒立方米"
430,高等,词类,副词,关联副词,亦,"《汉语水平等级标准与语法大纲》；丁130；（七） 副词：亦
《现代汉语高级教程》中；亦；一生无甚德守，亦无甚恶行。"
431,高等,词类,介词,引出方向、路径,顺着,《国际汉语教学课程通用大纲》；五级；介词：顺（着）、沿（着）；顺（着）/沿（着）+名词（短语）；顺着这条路一直往前走。
432,高等,词类,连词,连接词或词组,及,《高等学校外国留学生汉语言专业教学大纲》；二年级；及
433,高等,词类,连词,连接分句或句子,继而、要不是,《新实用汉语教程》5；其他词语例解：亲手、偶然、要不是、而、依旧、似乎、一晃、往常
434,高等,词类,助词,结构助词,之,《HSK考试大纲》；四级；助词：之（之一）；我丈夫是个很幽默的人，这也是我和他结婚的原因之一。
435,高等,短语,结构类型,基本结构类型,数词+量词+抽象事物,《汉语水平等级标准与语法大纲》；丁103；（六） 量词 3.其他 (2)： 数+量+抽象事物；一团和气、一身正气、一肚子牢骚
436,高等,短语,固定短语,四字格,爱A不A,《汉语水平等级标准与语法大纲》；丁347；五、固定格式；爱理不理
437,高等,短语,固定短语,四字格,半A半B,《汉语水平等级标准与语法大纲》；丁330；五、固定格式：半真半假
438,高等,短语,固定短语,四字格,东A西B,《汉语水平等级标准与语法大纲》；丁346；五、固定格式：东奔西走
439,高等,短语,固定短语,四字格,非A非B,《汉语水平等级标准与语法大纲》；丁342；五、固定格式：非驴非马
440,高等,短语,固定短语,四字格,忽A忽B,《汉语水平等级标准与语法大纲》；丙238；五、固定格式：忽高忽低
441,高等,短语,固定短语,四字格,连A带B,《汉语水平等级标准与语法大纲》；丁338；五、固定格式：连滚带爬
442,高等,短语,固定短语,四字格,时A时B,《汉语水平等级标准与语法大纲》；丙234；五、固定格式：时好时坏
443,高等,短语,固定短语,四字格,自A自B,《汉语水平等级标准与语法大纲》；丙245；五、固定格式：自言自语
444,高等,短语,固定短语,其他,巴不得,"《国际汉语教学课程通用大纲》；六级；固定短语和成语—固定短语：巴不得、不得已、不敢当、不像话、不由得、出洋相、恨不得、伤脑筋；他巴不得立刻见到你。
《新实用汉语教程》6；其他词语例解：死活、反正、大多、两下子、不时、当初、巴不得、连同"
445,高等,短语,固定短语,其他,别提了,"《体验汉语》；固定表达“别提了”
《汉语水平等级标准与语法大纲》；丙210；固定词组；（三）其他“别提了”"
446,高等,短语,固定短语,其他,除此之外,《汉语水平等级标准与语法大纲》；丁313；四、固定词组；（三）其他“除此之外”
447,高等,短语,固定短语,其他,归根到底,"《国际汉语教学课程通用大纲》；六级；插入语“归根到底、总而言之、众所周知、毫无疑问”；众所周知，中国是一个发展中国家。
《汉语水平等级标准与语法大纲》；丁233；四、固定词组；（二）成语、四字格“归根到底”"
448,高等,短语,固定短语,其他,可不是,《汉语水平等级标准与语法大纲》；丙213；固定词组（三）—其他：“可不是”
449,高等,短语,固定短语,其他,没说的,《汉语水平等级标准与语法大纲》；丙211；固定词组（三）—其他：“没说的”
450,高等,短语,固定短语,其他,无论如何,"《汉语水平等级标准与语法大纲》；丙203；固定词组（二）—成语、四字格：“无论如何”    
《成功之路》进步篇3；第26课；其他“无论如何”；是“不论怎么样”的意思。表示在任何条件下都必须这样。在句中作状语，有时也可以放在主语前。
《汉语教程》3下；无论如何；我明天无论如何得去看看她。
《桥梁实用汉语中级教程》；无论如何；明天上午，你无论如何得来一趟。
《体验汉语》；其他“无论如何”"
451,高等,短语,固定短语,其他,由此可见,"《汉语水平等级标准与语法大纲》；丁314；四、固定词组；（三）其他：“由此可见”
《桥梁实用汉语中级教程》；由此可见……；由此可见，依靠群众是取得成功的重要原因之一。"
452,高等,固定格式,,,不知……好,《汉语水平等级标准与语法大纲》；丙224；固定格式“不知……好”
453,高等,固定格式,,,所谓……就是……,"《成功之路》进步篇3；第30课；形容词“所谓”；有两个意思：（1）用于引述别人的词语，含有不承认的意思（所引词语多加“”）。（2）通常所说的。多用于提出需要解释的词语，接着加以解释。
《汉语教程》3下；所谓；所谓“美籍华人”就是入了美国国籍的中国人。"
454,高等,固定格式,,,无非/不过/只不过/只是……而已/罢了,"《汉语水平等级标准与语法大纲》；丁445；（九） 转折复句：无非（不过，只是）……罢了；这件事情并不难，只是需要多花一点时间罢了。/请你不要介意，他这样做无非想讨好你罢。
《高等学校外国留学生汉语言专业教学大纲》；三、四年级；3.……，无非(不过、只是)……罢了；（1）这件事情并不难，只是需要多花一点时间罢了。（2）他这样说，没有别的意思，无非是想提醒一下你罢了。"
455,高等,固定格式,,,以……为……,"《汉语教程》3下；以……为……；这次表演以你们班为主。
《成功之路》进步篇3；第34课；固定表达“以……为……”结构；“以……为……”结构是书面语体，有一下两种意思和用法：（1）表示“把……当做……”的意思。“以”和“为”的宾语都是名词性成分。(2)“要算……”的意思。表示比较起来怎么样。“为”的后边多是单音节形容词。"
456,高等,固定格式,,,因……而……,"《新实用汉语教程》5；复句—句子结构：因……而……，之所以……是因为……
《博雅汉语》准中级加速篇II；第15课；复句因……而……"
457,高等,句子成分,宾语,,宾语的语义类型3： （1）方式宾语（2）工具宾语（3）材料宾语（4）目的宾语,无
458,高等,句子成分,补语,程度补语,程度补语3：（1）形容词/动词+得+不行（2）形容词/动词+得+要命/要死,"（1）形容词/动词+得+不行
《汉语水平等级标准与语法大纲》；丙266；（二）补语 1. 程度补语（4）形/动+得+不行；吵得不行（闹得不行、压得不行……）；走廊里人太多，吵得不行。毯子太厚压得不行。
《汉语水平等级标准与语法大纲》；丙265；（二）补语 1. 程度补语（4）形/动+得+不行；困得不行（胀得不行、闷地不行……）；他驾驶了一天卡车，困得不行。半个月没下雨了，真是闷得不行。
《汉语水平等级标准与语法大纲》；丙264；（二）补语 1. 程度补语（4）形/动+得+不行；甜得不行（咸得不行、饿地不行……）；这种酱甜得不行。这个腌鸭蛋咸得不行。
（2）形容词/动词+得+要命/要死
《汉语水平等级标准与语法大纲》；丙261；（二）补语 1. 程度补语（3）形/动+得+要命/要死 硬得要命/要死（软得要命/要死……）；这儿买馒头硬得要死。旅馆的沙发床软得要命。
《汉语水平等级标准与语法大纲》；丙262；（二）补语 1. 程度补语（3）形/动+得+要命/要死 严得要命/要死（怕得要命/要死、宽得要命要死……）；这个工厂的纪律严得要命。他一见老婆生气就怕得要死。
《汉语水平等级标准与语法大纲》；丙263 ；（二）补语 1. 程度补语（3）形/动+得+要命/要死 咸得要命/要死（气得要命/要死、爱得要命/要死……）这个饭馆的菜咸得要死。她对这个玩意儿爱得要死。
《汉语水平等级标准与语法大纲》；丙259 ；（二）补语 1. 程度补语（3）形/动+得+要命/要死 冷得要命/要死（热得要命/要死……）；今年冬天冷得要命。去年夏天热得要死。
《汉语水平等级标准与语法大纲》；丙260；（二）补语 1. 程度补语（3）形/动+得+要命/要死 丑得要命/要死（美得要命/要死……）；她总觉得自己丑得要死。她却认为自己美得要死。
《博雅汉语》准中级加速篇I；第16课；程度补语：……得要命"
459,高等,句子成分,补语,状态补语,状态补语3：“个”引导的补语,无
460,高等,句子的类型,特殊句型,“把”字句,“把”字句5：表致使 （主语+）把+宾语（施事）+动词+了,《汉语水平等级标准与语法大纲》；丁359；（三）“把”字句（四）主+“把”+宾（施事）+动+其他；主（及物）+“把”+宾+动+其他（这种“把”字句表示致使义）；这突发事件把我们的计划都的打乱了。/爆炸声把他们从梦中惊醒了。
461,高等,句子的类型,特殊句型,被动句,被动句5：（1）被……所……（2）为……所……,"《汉语水平等级标准与语法大纲》；丙292；（四）被动句（三）……被（为）……（所）……；这一次我却被他的报告所感动。/他们被路口对面的歌声所吸引。/这篇文章的观点肯定能为读者（所）接受。
《汉语水平等级标准与语法大纲》；丁348；（一）被动句（四） ……被……所……（“所”后为单音动词，带文言色彩，“所”不能省）；他们在去银行取支票的路上被风雪所阻。/今年的夏天比往年都热，又没有电扇，他们被酷热所苦。
《高等学校外国留学生汉语言专业教学大纲》；三、四年级；1.……被(为)……所……；我深深地为他的话所感动。"
462,高等,句子的类型,特殊句型,比较句,比较句6：（1）比起……（来） （2）A +形容词+于+ B （3）A +比+名词+还+名词,《汉语教程》3下；比起；来比起他来，我的汉语水平差远了。
463,高等,句子的类型,复句,并列复句,一面……，一面……,《汉语水平等级标准与语法大纲》；丙345；（一）并列复句“一面……一面……”；游行队伍一面走，一面高呼口号。/他们一面猜谜语，一面喝咖啡。
464,高等,句子的类型,复句,承接复句,……，此后……,"《汉语水平等级标准与语法大纲》；丁416；（二）承接复句 ……，此后……；去年夏天我还收到过他的一封信，此后便音信全无了。/他上星期还恳求我一次，此后就一直不理我了。
《高等学校外国留学生汉语言专业教学大纲》；三、四年级；2.……，此后……；前几年在朋友那儿还见过他一面，此后便再无他的任何消息了。"
465,高等,句子的类型,复句,承接复句,起初……，……才……,"《汉语水平等级标准与语法大纲》；丁417；（二）承接复句 起初……才……；起初我很怀疑他说的话，后来听了很多人这样说，才相信这是真的。/起初他老是酗酒，他老婆要跟他离婚，他才改了这个毛病。
《高等学校外国留学生汉语言专业教学大纲》；三、四年级；3.起初……，才……；起初大夫不同意他出院，他再三请求，大夫才同意。"
466,高等,句子的类型,复句,递进复句,别说……，连……也/都……；连……也/都……，别说……；别说……， 即使……也……；即使……也……，别说……,"《汉语水平等级标准与语法大纲》；丁424；（三）递进复句：别说(biéshuō) ……即使……也(就……连……也……)；别说是你，即使你父亲来，也说服不了我。/别说在陌生人面前，连在熟人面前，这个小女孩也经常害羞。
《高等学校外国留学生汉语言专业教学大纲》；二年级；5.别说……，连……还(都、也)……（呢）：别说你不知道，连消息最灵的老林都不知道。
6.连……也(都、还)……，别说……
（1）连身体这么好的小李也病倒了，别说我们了。
（2）连根草都看不见，别说花儿了。"
467,高等,句子的类型,复句,递进复句,……，况且……,"《国际汉语教学课程通用大纲》；六级；递进复句：……，况且……；上海地方那么大，况且你又不知道地址，怎么能找到他呢？
《汉语水平等级标准与语法大纲》；丙362；（六）递进复句 ……况且（也、还、又）……；这录像机样子好看，况且也不贵，可以买一个。/路不算太远，况且还是快车，准能按时赶到。"
468,高等,句子的类型,复句,递进复句,连……，更不用说……,《HSK考试大纲》；四级；复句—递进关系：连……，更不用说……；我最近牙疼，连饼干这种稍微有点儿甜的东西都不敢吃，更不用说糖了。
469,高等,句子的类型,复句,递进复句,……，乃至……,无
470,高等,句子的类型,复句,递进复句,……，且……,无
471,高等,句子的类型,复句,递进复句,……，甚至于……,《汉语水平等级标准与语法大纲》；丙361；（六）递进复句：……（不但、不仅）……甚至于；这支歌不仅青年会唱，老人会唱，甚至于幼儿园的小朋友也会唱了。/我们这儿，不但大人，甚至于连六七岁的小孩儿都会游泳。
472,高等,句子的类型,复句,选择复句,或……，或……,《汉语水平等级标准与语法大纲》；乙105；(四)选择复句：或……或……；放在外面，或放在屋里，怎么都行。/或问她，或问我，都可以。
473,高等,句子的类型,复句,选择复句,宁可/宁愿……，也……,"《高等学校外国留学生汉语言专业教学大纲》；三、四年级；3.宁可(宁肯)……，也……；（1）我宁可一夜不睡，也要把工作做完。（2）我宁肯得罪他，也要坚持原则。
《成功之路》进步篇3；第25课；复句：宁愿……，也……；“宁愿”，副词。表示在比较利害得失之后选取一种做法。一般用在动词前，也可用在主语前。有两种格式：（1）宁愿……，也要……，前一小句表示所选的做法，后一小句表示选取这一做法的目的。（2）宁愿……，也不……，前一小句表示所选的做法，后一小句表示不选取的做法。"
474,高等,句子的类型,复句,选择复句,与其……，不如……,"《汉语水平等级标准与语法大纲》；丙379；（八）选择复句：与其……宁可（不如）……；与其在这里白白浪费时间，我宁可明天再来一趟。/与其让他们来欣赏，还不如我们自己来欣赏。
《HSK考试大纲》；五级；复句—选择关系：与其……，不如……；今天天气这么好，你与其在家休息，不如和我一起出去散步。
《高等学校外国留学生汉语言专业教学大纲》；三、四年级；1.与其(说)……，不如(说)……；与其平庸苟且一生，不如轰轰烈烈一场。
《高等学校外国留学生汉语言专业教学大纲》；三、四年级；3.与其……，(还)不如…；（1）这几件家具都很新，与其扔掉，不如送给邻居。（2）与其回老家，还不如找一个随便的工作先干干。
《高等学校外国留学生汉语言专业教学大纲》；二年级；与其连续生产这些不合格的产品，不如暂时停产整顿。
《新实用汉语教程》6；复句—句子结构：与其……不如……
《桥梁实用汉语中级教程》；与其……不如……；我的胃不好，与其吃药，不如打针。
《汉语教程》3下；与其……，不如……；与其在这儿等，不如我们去找她一下。
《成功之路》进步篇2；第18课；复句：与其……不如……；信任的力量通过两件事情的比较来进行选择。“与其”在前一小句，指出不应该选择某事；“不如”在后一小句，指出应该选择某事。"
475,高等,句子的类型,复句,选择复句,与其……，宁可/宁愿……,"《国际汉语教学课程通用大纲》；五级；选择复句：与其……宁可……；与其周末加班，我宁可今天熬夜做完。
《高等学校外国留学生汉语言专业教学大纲》；三、四年级；2.与其……，宁可(宁肯)……；（1）这责任与其让别人来负，宁肯我自己来负。（2）与其失败，宁可一拼。"
476,高等,句子的类型,复句,转折复句,……，而……（则）……,无
477,高等,句子的类型,复句,转折复句,……，……倒/反倒……,"《汉语水平等级标准与语法大纲》；丁443；（九）转折复句“……反倒……”；到了傍晚，风反倒大起来了。/小华见大家都夸奖他，反倒很不好意思。
《高等学校外国留学生汉语言专业教学大纲》；三、四年级；1.……，反倒……；（1）到了傍晚，风反倒大起来了。（2）小华见大家都夸奖她，反倒很不好意思。"
478,高等,句子的类型,复句,假设复句,倘若/若……，……,《桥梁实用汉语中级教程》；倘若；倘若他们问起此事，你就说不知道。
479,高等,句子的类型,复句,假设复句,倘若/假设/假使/若……，就/那（么）……,"《国际汉语教学课程通用大纲》；六级；假设复句：倘若/倘使/倘如/倘……也（就）……；倘若你不信，就亲自去看看吧。
《汉语水平等级标准与语法大纲》；丙351；（三） 假设复句：假若（倘若）……就……；假若能慢慢地变好，那就先吃一点苦也值得。/倘若有人想你请教，你就要有耐心。
《汉语水平等级标准与语法大纲》；丙353；（三） 假设复句：假使……就……；假使你想娶她，就应该好好地对待她。/假使你仍旧这样软弱，就会失掉别人对你的支持。
《汉语水平等级标准与语法大纲》；丁448；（十）假设复句：假设……那（么）……；假设甲乙两方签订了一项合同，那么任何一方都不能违反这一合同的有关规定。/假设我去还办不成，那就只好请院长亲自出面了。
《汉语水平等级标准与语法大纲》；丁447；（十）假设复句：倘使（倘如，倘）……也（就）……；倘使她能嫁个好人家，那也是她的福气。/倘使你再推辞，那就不应该了。"
480,高等,句子的类型,复句,假设复句,幸亏……，要不然/不然/要不/否则……,"《汉语水平等级标准与语法大纲》；丙354；（三） 假设复句：（幸亏）……不然……；幸亏是皮鞋，不然一定湿透了。/搞创作必须深入生活，不然就不可能写出好作品。
《HSK考试大纲》；五级；复句—假设关系 ：（幸亏）……，不然……；幸亏有你帮忙，不然我今天真不知道该怎么办了。
《桥梁实用汉语中级教程》；幸亏；幸亏有张教授的推荐，不然，连名都报不上。
《汉语教程》3下；幸亏；今天幸亏遇到你，要不我真不知道怎么办。"
481,高等,句子的类型,复句,条件复句,别管……，都……,"《汉语水平等级标准与语法大纲》；丁428；（四）条件复句：别管（bié guǎng）……（都）……；别管别人说什么，你都应该坚持赶下去。/别管天气多么恶劣，你都要准时到达出事地点。
《高等学校外国留学生汉语言专业教学大纲》；三、四年级；1.别管……，都……；（1）别管别人说什么，你都应该坚持下去。（2）别管天气多么恶劣，你们都应该准时到达那里。"
482,高等,句子的类型,复句,条件复句,任……，也……,《汉语水平等级标准与语法大纲》；丙348；（二） 条件复句：任……都（也）……；任你怎么说，他都不听劝告。/任你是谁，也不能威胁别人。
483,高等,句子的类型,复句,因果复句,（因）……，故……,《高等学校外国留学生汉语言专业教学大纲》；三、四年级；1.因(为)……，故……；（1）因为是在黄昏时开花，晚饭前后开的最为热闹，故又名晚饭花（2）因为准备工作尚未就绪，故大会推迟一天召开。
484,高等,句子的类型,复句,因果复句,鉴于……，……,"《HSK考试大纲》；六级；复句—因果关系：“鉴于……，……”；鉴于“印象管理”的重要性，考虑到职员的个人形象就是公司的形象，许多公司把形象作为一个职员最为重要的基本素质。
《汉语水平等级标准与语法大纲》；丁137；（八）介词“鉴于”"
485,高等,句子的类型,复句,因果复句,（由于）……，以致……,"《HSK考试大纲》；六级；复句—因果关系：“……，以致……”；有时候过高地估计困难、强调风险，会削弱拼搏的勇气，变得瞻前顾后、缩手缩脚，以致错过成功的良机。
《国际汉语教学课程通用大纲》；六级；（由于）……，以致……；他工作太累，以致身体都累垮了。
《汉语水平等级标准与语法大纲》；丙389；（九）因果复句： ……以致……；他工作太累，以致身体都累垮了。/他俩只顾谈话了，以致没发现已经下雨了。
《汉语水平等级标准与语法大纲》；丙383；（九）因果复句：“由于……以致……”；由于你放松了警惕，以致让犯人逃跑了。/由于你粗心大意，以致仓库着了火。
《成功之路》进步篇3；第32课；连词“以致”；一般用在后一小句的开头，表示由于上述原因而造成的结果，大多是不好的或者说话人不希望的结果。"
486,高等,句子的类型,复句,因果复句,……，以至于……,《汉语水平等级标准与语法大纲》；丁438；（七） 因果复句： ……以至于……；我们家乡变化太大了，以至于有很多地方我都不认识了。/这篇古文他读了十多遍，以至于全文都能背下来。
487,高等,句子的类型,复句,因果复句,之所以……，是因为/是由于……,"《汉语水平等级标准与语法大纲》；丙382；（九） 因果复句：之所以……是因为……；我之所以伤心，是因为我深深地爱上了他。/你之所以失败，是因为你不谨慎。
《汉语教程》3下；之所以……是因为……；他之所以这样做，是因为实在没有别的办法。
《桥梁实用汉语中级教程》；之所以……是因为……；阿里之所以学汉语，完全是因为工作的需要。
《新实用汉语教程》5；复句—句子结构：因……而……，之所以……是因为……"
488,高等,句子的类型,复句,让步复句,固然……，也……,"《汉语水平等级标准与语法大纲》；丙359；（五） 让步复句：固然……也……；妈妈的态度固然不太好，你也不应该总是发牢骚。/她的意见对固然可以接受，就是不对也可作为参考。
《高等学校外国留学生汉语言专业教学大纲》；二年级；他对你固然不太好，你也不应该不理他。"
489,高等,句子的类型,复句,让步复句,……固然……，但是/可是/不过……,"《HSK考试大纲》；六级；复句—转折关系：……固然……，但是……；一个人容易动怒，固然与其本性有关，但是在长期的自我反省与努力下是可以改变的。
《国际汉语教学课程通用大纲》；六级；转折复句：固然……但是/可是/不过……；这样的生活固然稳定，但是对年轻人来说没有前途。
《汉语水平等级标准与语法大纲》；丙374；（七） 转折复句：固然……但是（可是、不过）……；钱多固然是好事，但是，如果不把钱用在合适的地方，也会变成坏事。/这次运动会我们能够夺取冠军，运动员的功劳固然很大，可是教练员的功劳也不小。"
490,高等,句子的类型,复句,让步复句,即便……，也……,"《国际汉语教学课程通用大纲》；六级；让步复句：即便/就算……，也……；即便工作上取得了很大的成就，也不能骄傲自满。
《高等学校外国留学生汉语言专业教学大纲》；二年级；即便我不去，也没有什么关系。
《汉语水平等级标准与语法大纲》；丁454；（十一） 让步复句：即便……也……；即便你拥有巨大的财富，也不等于你拥有幸福。/即便今年的粮食不能达到亩产一千斤，也还能打个八百斤。
《新实用汉语教程》6；复句—句子结构：即便……也……"
491,高等,句子的类型,复句,让步复句,虽说……，但是/可是/不过……,"《汉语水平等级标准与语法大纲》；丙367；（七） 转折复句：虽说……可是（但是、不过）；虽说她已做了请示，可是仍旧弄不懂领导的意思。/虽说他还是个孩子，可是你可不能轻视他。
《桥梁实用汉语中级教程》；虽说；虽说老杨不算老，可毕竟也有五十多岁了。"
492,高等,句子的类型,复句,让步复句,纵然……，也……,"《汉语水平等级标准与语法大纲》；丁453；（十一） 让步复句：纵然（zòngrán）……也……；你纵然不生我的气，我也要向你道歉。/纵然前面是刀山火海，我们也要闯过去。
《高等学校外国留学生汉语言专业教学大纲》；三、四年级；2.纵然……，也……；（1）你纵然不生我的气，我也必须向你道歉。（2）纵然前面是刀山火海，我们也要闯过去。"
493,高等,句子的类型,复句,目的复句,……，以……,"《汉语水平等级标准与语法大纲》；丙396；（十） 目的复句：……以……；希望你以后多运动，以增强体质。/我们要赶快排除故障，以避免发生事故。
《高等学校外国留学生汉语言专业教学大纲》；三、四年级；1.……，以……；（1）增产节约，以支援国家建设。（2）今后我一定要更加刻苦地学习，争取最好的成绩，以报答老师们对我的教育和培养。"
494,高等,句子的类型,复句,目的复句,……，以免/免得……,"《HSK考试大纲》；六级；复句—目的关系：……，以免……；使用信用卡要按时还款，以免损害自己的信用。
《国际汉语教学课程通用大纲》；六级；目的复句：……，以免……；开车要遵守交通规则，以免发生意外。
《国际汉语教学课程通用大纲》；六级；目的复句：……，免得……；出发之前好好看看地图，免得走错路。
《高等学校外国留学生汉语言专业教学大纲》；二年级；快把火车票准备好，免得耽误别人的时间。到上海就来电话，以免大家惦记。
《汉语水平等级标准与语法大纲》；丙441；（八） 目的复句：……以免……；我还是不去参加的好，以免发生意外。/快把刀子收起来，以免不注意伤了人。
《汉语水平等级标准与语法大纲》；丙394；（十） 目的复句：……免得……；快穿上雨衣吧，免得淋湿你的衣服。/请你给我讲清楚一些，免得我不懂再来打扰你。"
495,高等,句子的类型,复句,解说复句,……，也就是说……,"《国际汉语教学课程通用大纲》；五级；插入语：据说、总之、看来、依我看、总的来说、也就是说；依我看，你还是早点儿休息把。
《汉语水平等级标准与语法大纲》；丙316；四 固定词组 （三）—其他：也就是说"
496,高等,句子的类型,复句,紧缩复句,（要+）动词+就+动词+个+补语,《国际汉语教学课程通用大纲》；六级；紧缩复句：（要+）动词+就+动词+个+补语；要玩儿就玩儿个痛快。
497,高等,句子的类型,复句,紧缩复句,动词（+宾语1）+就+动词（+宾语1），别……,《汉语水平等级标准与语法大纲》；丁457；（十二）紧缩复句：动（宾）1+就+动（宾）1，别（甭）……；吃点儿亏就吃点儿亏，别跟他们计较。/吵几句就吵几句，甭往心里去。
498,高等,句子的类型,复句,多重复句,三重或三重以上的复句,"《汉语水平等级标准与语法大纲》；丁472；十  多重复句（二）—三重和三重以上的复句；祖父的屋子后面有一个花园，虽然小，但在那里可以折各种小野花，还可以在草地上抓青蛙。
《汉语水平等级标准与语法大纲》；丁473；十  多重复句（二）—三重和三重以上的复句；我觉得这篇文章不错，但还存在一些缺点，如果好好修改修改，并把内容充实一下，那就更好了。
《汉语水平等级标准与语法大纲》；丁474；十  多重复句（二）—三重和三重以上的复句；董小华是那么聪明，可就是不知道用功，而且缺乏上进心，如果他变得勤奋起来，并对自己要求高一些的话，他一定能成为最优秀的学生。
《汉语水平等级标准与语法大纲》；丁475；十  多重复句（二）—三重和三重以上的复句；这正如地上的路；其实地上本没有路，走的人多了，也便成了路。
《汉语水平等级标准与语法大纲》；丁476；十  多重复句（二）—三重和三重以上的复句；我们纪念他，不仅因为他的文章写得好，是一个伟大的文学家，而且因为他是一个民族解放的急先锋，给革命以很大的助力。
《汉语水平等级标准与语法大纲》；丁477；十  多重复句（二）—三重和三重以上的复句；这样说来，我的小说和艺术的距离之远，也就可想而知了，然而到今日还能蒙着小说的名，甚而至于且有成集的机会，无论如何总不能不说是一件侥幸的事，但侥幸虽使我不安于心，而悬揣人间暂时还有读者，则究竟也仍然是高兴的。（这一句是四重复句，四重和四重以上的复句是比较少见的。）
《高等学校外国留学生汉语言专业教学大纲》；三、四年级；多重复句(三重及三重以上复句):
（1）他小腿的浮肿还没消退，虽然该走的路他还能走，但只要能少走，他就不愿多走一步。
（2）这个阿多高兴起来时，什么事都肯做，碰到同村的女人们叫他帮忙拿什么家伙，或是下溪去捞什么，他都肯；可是今天他大概有点不高兴，所以只顶了五六只“团扁”去，却空着一双手。"
499,高等,强调的方法,,,用反问句表示强调 反问句3：何必/何苦……呢？,"《汉语水平等级标准与语法大纲》；丙311；九、反问句；为了这点小时吵架，何必呢？/何必发那么大的脾气呢？
《汉语水平等级标准与语法大纲》；丁371；七、反问句：何苦；打个电话就行了，何苦（heku）亲自跑一趟？
《国际汉语教学课程通用大纲》；五级；反问句：何必/何苦……，何必/何苦呢？；为了这点儿小事生气，何必呢？
《汉语教程》3下；何必；为这点儿小事生气，何必呢？
《桥梁实用汉语中级教程》；何苦；你何苦为这么点小事生气呢？"
500,高等,口语格式,,,（不过/但/可是）话又说回来，……,《汉语水平等级标准与语法大纲》；丁378；八、口语格式 ……(不过，可是)话又说回来， ……；他这个人能力是差点儿，可话又说回来，你能干又怎么样呢？/我虽穷，也从没拿过人家一点儿东西。话又说回来，人虽穷，不能总穷。
501,高等,口语格式,,,X（也）不是，不X也不是,《汉语水平等级标准与语法大纲》；丁380；八、口语格式：……X(也)不是，不X也不是……；我简直难堪极了，走也不是，不走也不是。/大家七嘴八舌，我站在那儿说也不是，不说也不是。
502,高等,口语格式,,,X也好/也罢，Y也好/也罢,"《高等学校外国留学生汉语言专业教学大纲》；三、四年级；(七)X也好/也罢，Y 也好/也罢；（1）你去也好，不去也好，我都没意见。（2）工作也好，读书也好，都能使自己提高。（3）你来也罢，去也罢，对他都没什么影响。
《汉语水平等级标准与语法大纲》；丁393；八、口语格式：X1也好（也罢），X2也好（也罢），……；你想去也好，不想去也好，都不应该骂人，更不应该打人。/花也罢，鸟也罢，什么也引不起他的兴趣。
《桥梁实用汉语中级教程》；……也好，……也好；刮风也好，下雨也好，他从没迟到过。"
503,高等,口语格式,,,X了又Y，Y了又X,《汉语水平等级标准与语法大纲》；丙334；十 口语格式:X1又X2，X2又X1……；他跑一阵又走一阵，走一阵又跑一阵，提前赶到了那儿。/装了又拆，拆了又装，直到他觉得满意才罢手。
504,高等,口语格式,,,X也X不……，Y也Y不……,"《汉语水平等级标准与语法大纲》；丁383；八、口语格式 ：……X1也X1不……，X2也X2不……；生产中的难题还没解决，张工程师是吃也吃不下，睡也睡不着。/这事真难办呀，我走也走不了，留也留不了。
《高等学校外国留学生汉语言专业教学大纲》；三、四年级；(三)X也X不……，Y也Y不……；（1）这个难题没解决，我是吃也吃不下，睡也睡不着。（2）啊呀，怎么办，走也走不了，留也留不下。"
505,高等,口语格式,,,别提（有）多X了,无
506,高等,口语格式,,,不知X的,无
507,高等,口语格式,,,话（说）是这么说，不过/可/可是……,《汉语水平等级标准与语法大纲》；丁391；口语格式：话（说）是这么说，（可，可是……）……；话是这么说，可实际上真的干起来，不是那么回事。/井打深一些当然好。话是这么说，哪来的钱？
508,高等,口语格式,,,看/瞧你那（X）样,《汉语水平等级标准与语法大纲》；丁394；八、口语格式：看（瞧）你那（X）样……；看你那孬样，你就不能硬气一点？/瞧你那样，跟个恶魔似的。
509,高等,口语格式,,,看在X的面子上,《汉语水平等级标准与语法大纲》；丁399；八、口语格式“看在X的面子上……”；看在老同事的面子上，你就帮他一把吧。/看在你爸爸的面子上，我就饶了你这一遭。
510,高等,口语格式,,,哪有X这么Y的/有X这样Y的吗,《汉语水平等级标准与语法大纲》；丙342；十、口语格式：哪有X1这么X2的（有X1这样X2的吗）；哪有像你这么做生意。/你也真是，有你这样谈恋爱的吗？
511,高等,口语格式,,,什么X的Y的,《汉语水平等级标准与语法大纲》；丁402；八、口语格式：什么X1的X2的……；什么这个的那个的，快把他打发走！/什么你的我的，还不是大家的？
512,高等,口语格式,,,说到/想到哪儿去了,"《汉语水平等级标准与语法大纲》；丁396；八、口语格式“说到（想到）哪儿去了……”；你这是想到哪儿去了，他决不会干出这种事的。/看你说到哪儿去了，都是自家人嘛！
《高等学校外国留学生汉语言专业教学大纲》；三、四年级；(八)说到/想到哪儿去了；（1）看你说到哪儿去了，我们不都是一家人么，客气什么呀！（2）你想到哪儿去了，我是那样的人吗？"
513,高等,口语格式,,,无所谓X不X,《汉语水平等级标准与语法大纲》；丁408；（八）口语格式：无所谓X不X……；这种衣服只是一般，无所谓好看不好看。/高科研工作，无所谓假期不假期。
514,高等,口语格式,,,要X有/没X，要Y有/没Y,无
515,高等,句群,形式分类,带关联词语,带关联词语,"《汉语水平等级标准与语法大纲》；丁483；十一 句群（一）语法句群的形式标志—2．带关联词语；她从小爱运动，还爱看书。一个偶然的机会，她发现附近学校的书库的窗户是开着的，可以钻进去，于是，她就迷上了书。由于书库里的光线很暗，所以，从此她便戴上了眼镜。
《汉语水平等级标准与语法大纲》；丁484；十一 句群（一）语法句群的形式标志—2．带关联词语；虽然《消费者权益保护法》已经问世，但如何使消费者懂得用法来保护自己的利益，还是一个急需解决的问题。倘若中国众多消费者在自己利益受到侵害时，他们要求的仅仅是经济上的补偿，那么，《消费者权益保护法》就失去了它应有的作用和意义。
《汉语水平等级标准与语法大纲》；丁485；十一 句群（一）语法句群的形式标志—2．带关联词语；乌鲁木其是一座古老而年轻的城市。它既不像有古都气势的北京，也不像四季如春的昆明，不像上海，更不像广州。乌鲁木齐有着自己独有的风采。你只有不断地去深刻体会，才能感受到它的美妙之处。
《汉语水平等级标准与语法大纲》；丁486；十一 句群（一）语法句群的形式标志2．带关联词语；这几年土生土长的中国保健品不仅在国内几乎全部被有关部门和学术团体评上金、银、铜牌，名特优新各种奖，而且有不少保健品已闯出国门，在国际上夺得不少“大奖”“勋章”等洋奖。保健品大潮迫使人们不能不视“保健食品”的存在。其实，古今中外皆有保健食品，何必大惊小怪。尽管“保健食品”是近代用词，然而类似的词语在中医药典中早有记载。既然是“保健食品”，就要有保健食品的规格。首先，保健食品应该是食品而不是药品。因此保健食品应制定食品方面的三大标准，即食品标准 营养标准和卫生标准。其次，“医食同源”的说法是一种误解。如上所述，食品就是食品，不能与药品等同起来。但中医药的历史并为否定事物有一定辅助治疗作用。近年来，食品界 医药界的许多朋友纷纷来信询问“医食同源”的含义与出处。此说法的原意是说医学起源于生活，医学活动与饮食活动有关，如此而已。目前，国外不仅许多饭店高挂“医食同源”的招牌，而且又出现了“药食同源”的说法。这也是保健食品热潮中激起的小波澜，不足为怪。总而言之，“医食同源”也好，“药食同源”也好，总不能说，食物就等于药物，食品就等于药品。"
516,高等,句群,形式分类,不带关联词语,不带关联词语,无
517,高等,句群,意义分类,,联合关系：并列句群、承接句群、递进句群、选择句群、解说句群、总括句群,"《汉语水平等级标准与语法大纲》；丁493；十一 句群（二） 语法句群的意义分类—1．并列句群；风，更猛了。雪，更大了。我们每前进一步，更艰难了。
《汉语水平等级标准与语法大纲》；丁494；十一 句群（二） 语法句群的意义分类—1．并列句群；科学是讲求实际的。科学是老老实实的学问，来不得半点虚假，需要付出艰巨的劳动。同时，科学需要创新，需要幻想，有幻想才能打破传统的束缚，才能发展科学。
《汉语水平等级标准与语法大纲》；丁495；十一 句群（二） 语法句群的意义分类—2．承接句群；好了，关于我的事情，往后我们再谈。那么，我还应当告诉你一些什么消息？
《汉语水平等级标准与语法大纲》；丁496；十一 句群（二） 语法句群的意义分类—2．承接句群；大家望着寒冷的河水，有点儿迟疑，厂长首先赤脚跳下去。于是大家都跳下去。于是大家在冰冷的河水中工作。
《汉语水平等级标准与语法大纲》；丁497；十一 句群（二） 语法句群的意义分类—3．递进句群；仿佛从这一天起，未庄的女人们忽然都怕了羞，她们一见阿Q走来，便个个躲进门里去。甚而至于将近五十岁的邹七嫂，也跟着别人乱钻，而且将十一岁的女儿都叫进去了。
《汉语水平等级标准与语法大纲》；丁498；十一 句群（二） 语法句群的意义分类—3.递进句群；中国是好客的，也是具有吸引力的。何况中国是她的第二故乡，这里有她的许多亲戚朋友呢？
《汉语水平等级标准与语法大纲》；丁501；十一 句群（二） 语法句群的意义分类—4． 选择句群；讨论问题的出发点是什么？研究、讨论问题应该从原则、概念出发，还是从具体事物、革命实际、历史实际出发？
《汉语水平等级标准与语法大纲》；丁502；十一 句群（二） 语法句群的意义分类—4． 选择句群；一句话，不了解矛盾各方的特点。这就叫片面地看问题。或者叫做只看见局部，不看见全体，只看见树木，不看见森林。
《汉语水平等级标准与语法大纲》；丁503；十一 句群（二） 语法句群的意义分类—5． 解说句群；一方面，要对教学内容进行认真分析，重视知识的数量问题。另一方面，要对听说读写四种语言技能分别进行确切的数量、速度分析。
《汉语水平等级标准与语法大纲》；丁504；十一 句群（二） 语法句群的意义分类—5． 解说句群；为什么人的问题解决了，接着的问题就是如何去服务。用同志们的话来说，就是努力于提高呢，还是努力于普及呢？
《汉语水平等级标准与语法大纲》；丁515；十一 句群（二） 语法句群的意义分类—12．总括句群；也许是因为拔何首乌毁了泥墙罢，也许是因为将砖头抛到间壁的梁家去了罢，也许是因为站在石井栏上跳了下来罢，……都无从知道。总而言之：我将不能常到百草园了。
《汉语水平等级标准与语法大纲》；丁516；十一 句群（二） 语法句群的意义分类—12．总括句群；只有具有深厚的文化基础、较高的文化素质，才能达到较高的语言水平；也只有在深厚的文化基础、较高的语言水平之上，不同的文化才能发生相互交融。总之一句话，学习一种第二语言不能忽视文化背景。"
518,高等,句群,意义分类,,偏正关系：条件句群、因果句群、目的句群、转折句群、假设句群、让步句群,"《汉语水平等级标准与语法大纲》；丁499；十一 句群（二） 语法句群的意义分类—4．条件句群；无论准确也好，鲜明、生动也好，就语言方面讲，词汇总要用得恰如其分。这样，表现的概念才会准确，也才能使人感到鲜明。
《汉语水平等级标准与语法大纲》；丁500；十一 句群（二） 语法句群的意义分类—4．条件句群；学习一种外语，必须多听多读多写，必须在实践中学习。只有这样，才能真正学好一门外语。
《汉语水平等级标准与语法大纲》；丁505；十一 句群（二） 语法句群的意义分类—7． 因果句群；靠六门基础学科的现代工程技术，也靠物理和数学这两门基础作支柱。所以，物理和数学也可以称为现代自然科学体系的基础。
《汉语水平等级标准与语法大纲》；丁506；十一 句群（二） 语法句群的意义分类—7． 因果句群；“是呵，太宽了！”一位曾经在巴黎生活了十年的女作家大声地叫着说。因为她非常关心延安。因为她听说报纸上已登出了这里的后方医院的照片。因为她认为对那些不三不四的新闻记者应当加以限制。
《汉语水平等级标准与语法大纲》；丁507；十一 句群（二） 语法句群的意义分类—8． 目的句群；不要多说了，她要去就让她去吧！省得我们操心着急的。
《汉语水平等级标准与语法大纲》；丁508；十一 句群（二） 语法句群的意义分类—8． 目的句群；时至今日，一切空话都不要说了，还是做点切实的工作为好。免得在受别人的气，免得家破人亡。
《汉语水平等级标准与语法大纲》；丁509；十一 句群（二） 语法句群的意义分类—9． 转折句群；他这身衣服的颜色，在天津是很显得突出，也觉得土气。但是在这儿，这样一身衣服，穿上就显得非常漂亮好看了。
《汉语水平等级标准与语法大纲》；丁510；十一 句群（二） 语法句群的意义分类—9． 转折句群；她把整个中国都走遍了，就剩了西藏。然而，这个空白补起来了。她来到了西藏，在布达拉宫前照了像。
《汉语水平等级标准与语法大纲》；丁511；十一 句群（二） 语法句群的意义分类—10．假设句群；有了退休制度，人人都知道自己到哪年该怎么样，这就比较好。否则，一个人一个人地处理问题，处理不下去。
《汉语水平等级标准与语法大纲》；丁512；十一 句群（二） 语法句群的意义分类—10．假设句群；我现在很穷，没有钱。假若可能，我将给他一些钱，给他一些鼓励，教他们忘不了中国。
《汉语水平等级标准与语法大纲》；丁513；十一 句群（二） 语法句群的意义分类—11． 让步句群；他已经工作了四十五年了。即使是个新手，也很少发生因手术时精神负担过重而晕倒的。
《汉语水平等级标准与语法大纲》；丁514；十一 句群（二） 语法句群的意义分类—11． 让步句群；我爱你，一直都在爱。就是前面有刀山火海，我也永不变心。"
519,高等,词类,副词,程度副词,极为,无
520,高等,词类,副词,程度副词,尽,《现代汉语高级教程》中；尽；大千世界，尽收画家笔下。
521,高等,词类,副词,程度副词,蛮,无
522,高等,词类,副词,程度副词,颇,"《汉语水平等级标准与语法大纲》；丁119；（七）副词“颇”
《新实用汉语教程》5；其他词语例解：如此、好在、本、再三、颇、说道、东……西……、往往"
523,高等,词类,副词,程度副词,稍稍,《汉语教程》3下；稍稍；我感到第三册书稍稍有点儿难。
524,高等,词类,副词,程度副词,尤为,无
525,高等,词类,副词,程度副词,越发,无
526,高等,句子的类型,复句,递进复句,……，何况……,"《汉语水平等级标准与语法大纲》；丙130；连词“何况”
《汉语水平等级标准与语法大纲》；丙315；九、反问句；连他发牢骚都不行，何况是你？/这道题连导师都不会做，何况是我们。
《成功之路》进步篇3；第31课；连词“何况”；用于反问语气，表示二者对比中更深一层的意思。
《汉语教程》3下；何况；平时这里就很热闹，更何况是星期天。
《桥梁实用汉语中级教程》；何况；她病得走都走不动，更何况跑呢？
《现代汉语高级教程》上；递进复句：衬托递进；说话尚且思路混乱，何况写论文？"
527,高等,句子的类型,复句,递进复句,……，进而……,"《国际汉语教学课程通用大纲》；六级；承接复句“……，进而……”；先提出计划，进而落实实施方案。
《汉语水平等级标准与语法大纲》；丁143；（九）连词“进而”
《汉语水平等级标准与语法大纲》；丁420；（三）递进复句“……（又、再、才、并）进而……”；加强企业自主权，进而达到促进生产的目的。/必须完成这项实验，才能进而研制新产品。
《高等学校外国留学生汉语言专业教学大纲》；三、四年级；1.……，进而(又、再、才)；（1）加强企业自主权，进而达到促进生产的目的。（2）必须完成这项实验，才能研制新产品。"
528,高等,词类,副词,范围、协同副词,凡,《新实用汉语教程》6；其他词语例解：深究、且、不免、逐一、于是、若、凡、一丝一毫
529,高等,词类,副词,范围、协同副词,皆,无
530,高等,词类,副词,范围、协同副词,统统,无
531,高等,词类,副词,范围、协同副词,唯独,无
532,高等,词类,副词,方式副词,不由得,"《汉语水平等级标准与语法大纲》；丙209；固定词组（三）—其他：“不由得”
《国际汉语教学课程通用大纲》；六级；固定短语和成语—固定短语：“巴不得、不得已、不敢当、不像话、不由得、出洋相、恨不得、伤脑筋”；他巴不得立刻见到你。
《HSK考试大纲》；六级；副词“不由得”；人们不由得感到十分惊讶。
《成功之路》进步篇3第26课；副词“不由得”；有两个意思：(1)表示在某种情况下，不知不觉地产生某种反应。（2）不容；不可能。后面的结构仍是否定形式。
《汉语教程》3上；不由得；提起那段经历，他不由得激动起来。
《桥梁实用汉语中级教程》；不由得；唱着唱着，她俩不由得扭了起来。"
533,高等,词类,副词,方式副词,一连,"《汉语教程》3下；一连；我一连喊你了好几声，你才听见。
《新实用汉语教程》6；其他词语例解：正如、并非、看上去、一连、生怕、容下、直至、至此
《汉语水平等级标准与语法大纲》；丙115；频率副词“一连”"
534,高等,词类,副词,方式副词,顺便,《桥梁实用汉语中级教程》；顺便；我下班从这儿过，顺便来看看你们。
535,高等,词类,副词,否定副词,未,无
536,高等,词类,副词,否定副词,勿,《HSK考试大纲》；五级；副词“勿、非”；工作人员请勿入内。
537,高等,词类,副词,频率、重复副词,频频,无
538,高等,词类,副词,频率、重复副词,再度,无
539,高等,短语,固定短语,其他,与此同时,《汉语水平等级标准与语法大纲》；丁315；四、固定词组—（三）其他：“与此同时”
540,高等,短语,固定短语,其他,这样一来,"《桥梁实用汉语中级教程》；这样一来；她累病了，这样一来，孩子也没人照顾了。
《汉语水平等级标准与语法大纲》；丙220；固定词组—（三）其他：“这样一来”"
541,高等,短语,固定短语,其他,综上所述,《汉语水平等级标准与语法大纲》；丁319；四、固定词组—（三）其他：“综上所述”
542,高等,短语,固定短语,其他,总的来说/总而言之,"总的来说
《国际汉语教学课程通用大纲》；五级；插入语：“据说、总之、看来、依我看、总的来说、也就是说”；依我看，你还是早点儿休息把。
《汉语水平等级标准与语法大纲》；丁320；四、固定词组—（三）其他：“总的来说”
总而言之
《国际汉语教学课程通用大纲》；六级；插入语：“归根到底、总而言之、众所周知、毫无疑问”；众所周知，中国是一个发展中国家。
《汉语水平等级标准与语法大纲》；丙204；固定词组—（二）成语、四字格：“总而言之”
《新实用汉语教程》5；其他词语例解：谢天谢地、勉强、原来、总而言之、因此/因而、并、只好、然而、不禁"
543,高等,词类,副词,情态副词,必定,"《汉语水平等级标准与语法大纲》；丙123；否定、肯定副词：“必定”
《新实用汉语教程》5；其他词语例解：对于、好、必定、时刻、立即、当、如何、开来"
544,高等,词类,副词,情态副词,不妨,"《HSK考试大纲》；六级；副词“不妨”；对年轻人不妨稍微夸张地赞扬他的才能和勇气。
《汉语水平等级标准与语法大纲》；丁106；（七）副词“不妨”
《成功之路》进步篇1；第6课；副词“不妨”；可以这样做，没有什么妨碍。
《汉语教程》3下；不妨；你如果喜欢，不妨试试。
《桥梁实用汉语中级教程》；不妨；这种药很好，你不妨试试。
《新实用汉语教程》6；其他词语例解：不妨、无需、等于、许、至多、由不得、好比"
545,高等,词类,副词,情态副词,何必,"《国际汉语教学课程通用大纲》；五级；反问句：“何必/何苦、……，何必/何苦呢？、何必/何苦……呢？”；为了这点儿小事生气，何必呢？
《汉语水平等级标准与语法大纲》；丙311；九、反问句；为了这点小时吵架，何必呢？/何必发那么大的脾气呢？
《汉语水平等级标准与语法大纲》；丙099；语气副词“何必”
《汉语教程》3下；何必；为这点儿小事生气，何必呢？
《新实用汉语教程》6；其他词语例解：眼前、藏、若干、一心、也罢、何必、在于、来不及"
546,高等,词类,副词,情态副词,莫非,无
547,高等,词类,副词,情态副词,按说,无
548,高等,词类,副词,时间副词,即,《现代汉语高级教程》中；即；古代的暹罗即是今天的泰国。
549,高等,词类,副词,时间副词,历来,"《新实用汉语教程》6；其他词语例解：必然、为止、为……而、难以、日常、无法、丝毫、历来
《汉语水平等级标准与语法大纲》；丁117；（七）副词“历来”"
550,高等,词类,副词,时间副词,尚,《汉语水平等级标准与语法大纲》；丁122；（七）副词“尚”
551,高等,词类,副词,时间副词,向来,"《汉语教程》3上；向来；这个地方夏天向来就很热。
《桥梁实用汉语中级教程》；向来；钱师傅向来办事认真，从不马虎。"
552,高等,词类,介词,引出对象,当着,无
553,高等,词类,介词,引出对象,就5,无
554,高等,词类,介词,引出凭借、依据,趁,"《HSK考试大纲》；五级；介词“趁”；我想趁着年轻多锻炼锻炼，丰富一下自己的经历。
《汉语水平等级标准与语法大纲》；乙019；介词—引出凭据，凭借根据：按照、照、趁
《高等学校外国留学生汉语言专业教学大纲》；二年级；趁
《成功之路》进步篇1；第8课；介词“趁”；利用条件或时机。
《汉语教程》3下；趁；我想趁星期天给她写封信。"
555,高等,词类,介词,引出凭借、依据,基于,《新实用汉语教程》5；其他词语例解：基于、以及、毕竟、将、估计、大约、以、还是……好
556,高等,词类,介词,引出凭借、依据,依,无
557,高等,词类,副词,语气副词,白白,无
558,高等,词类,副词,语气副词,反倒,"《汉语水平等级标准与语法大纲》；丁443；（九）转折复句“……反倒……”；到了傍晚，风反倒大起来了。/小华见大家都夸奖他，反倒很不好意思。
《汉语水平等级标准与语法大纲》；丁112；（七）副词“反倒”
《高等学校外国留学生汉语言专业教学大纲》；二年级；反倒"
559,高等,词类,副词,语气副词,分明,《汉语水平等级标准与语法大纲》；丙102；语气副词“分明”
560,高等,词类,副词,语气副词,怪不得,"《国际汉语教学课程通用大纲》；五级；固定短语：“不得了、不好意思、不见得、不耐烦、打交道、打招呼、怪不得、看不起、了不起、忍不住、舍不得、说不定、一路平安”；有什么事，跟我打声招呼。
《桥梁实用汉语中级教程》；怪不得；我忘了关窗子了，怪不得这么冷。
《体验汉语》；固定表达：“怪不得”"
561,高等,词类,副词,语气副词,好在,"《汉语水平等级标准与语法大纲》；定114；（七）副词“好在”
《汉语教程》3上；好在；房间不太大，好在只我一个人住。
《桥梁实用汉语中级教程》；好在；时间不早了，赶紧出发吧，好在这儿什么时候都能叫到车。
《新实用汉语教程》5；其他词语例解：如此、好在、本、再三、颇、说道、东……西……、往往"
562,高等,词类,副词,语气副词,乃,"《现代汉语高级教程》中；乃；《红楼梦》乃明清小说的杰出代表。
《汉语水平等级标准与语法大纲》；丁158；（十一）兼类词“乃”（动、副）"
563,高等,词类,副词,语气副词,难怪,"《HSK考试大纲》；五级；副词“难怪”；你的抽屉真乱，难怪总是找不到东西。
《汉语水平等级标准与语法大纲》；丙150；兼类词：“难怪”（动、连）
《成功之路》进步篇1；第2课；副词“难怪”；副词， 明白了原因，不再觉得奇怪。
《汉语教程》3下；难怪；难怪他昨天没来上课，原来他病了。"
564,高等,词类,副词,语气副词,偏偏,"《HSK考试大纲》；六级；副词“偏偏”；既然有这么多人，为什么偏偏打发你来呢？
《高等学校外国留学生汉语言专业教学大纲》；二年级；偏偏
《汉语水平等级标准与语法大纲》；丙098；语气副词：“偏偏”
《汉语教程》3上；偏（偏偏）；爸爸不叫她做什么，妹妹偏做什么。"
565,高等,词类,副词,语气副词,索性,"《汉语水平等级标准与语法大纲》；丁124；（七）副词“索性”
《桥梁实用汉语中级教程》；索性；他一生气，索性把电话挂上了。"
566,高等,词类,副词,语气副词,万万,《汉语水平等级标准与语法大纲》；丙104；语气副词“万万”
567,高等,词类,副词,语气副词,未免,"《汉语水平等级标准与语法大纲》；丁125；（七）副词“未免”
《成功之路》进步篇3；第28课；副词“未免”；当听到别人的赞扬时副词。表示一种委婉的否定态度。常跟“太、有点儿、有些”等词语配合使用。"
568,高等,词类,副词,语气副词,无非,"《汉语水平等级标准与语法大纲》；丁127；（七）副词“无非”
《桥梁实用汉语中级教程》；无非；他的所谓朋友无非是小偷、流氓之流的人。
《现代汉语高级教程》中；无非；同学聚会，无非是吃饭、聊天之类，不去也罢。"
569,高等,词类,副词,语气副词,幸好,《汉语水平等级标准与语法大纲》；丁128；（七）副词“幸好”
570,高等,词类,副词,语气副词,幸亏,"《汉语水平等级标准与语法大纲》；丙095；语气副词“幸亏”
《高等学校外国留学生汉语言专业教学大纲》；二年级；幸亏
《汉语教程》3下；幸亏；今天幸亏遇到你，要不我真不知道怎么办。
《桥梁实用汉语中级教程》；幸亏；幸亏有张教授的推荐，不然，连名都报不上。
《新实用汉语教程》6；其他词语例解：幸亏、不得、至今、替、愈……愈、从、每每、仍旧"
571,高等,词类,副词,语气副词,终究,"《汉语水平等级标准与语法大纲》；丁134；（七）副词“终究”
《高等学校外国留学生汉语言专业教学大纲》；二年级；终究"
572,高等,词类,助词,语气助词,而已,"《汉语水平等级标准与语法大纲》；丁151；（十）助词“而已”
《HSK考试大纲》；六级；助词“而已”；我给自己的定位是文化的使者，相声演员对我来讲只是手段而已。
《高等学校外国留学生汉语言专业教学大纲》；二年级；而已
《汉语教程》3上；而已；他说要去国外旅行，也只是说说而已。
《桥梁实用汉语中级教程》；而已；我们无非是想得到一个公正的评价而已。"
573,高等,词类,助词,语气助词,矣,无
